Name,Position,Team,Passing_Yards,Rushing_Yards,Receiving_Yards,Passing_TDs,Rushing_TDs,Receiving_TD,FG_Made,FG_Missed,Extra_Points_Made,Interceptions_Thrown,Fumbles_Lost,Interceptions,Forced_Fumbles,Sacks,Blocked_Kicks,Blocked_Punts,Safeties,Kickoff_Return_TD,Punt_Return_TD,Defensive_TD,Punting_i20,Punting_Yards
T.Brady,QB,NE,1959,21,0,13,0,0,0,0,0,0,2,0,0,0,0,0,0,0,0,0,0,0
D.Lewis,RB,NE,0,151,42,0,2,0,0,0,0,0,0,0,0,0,0,0,0,0,0,0,0,0
R.Burkhead,RB,NE,0,18,49,0,0,1,0,0,0,0,0,0,0,0,0,0,0,0,0,0,0,0
C.Hogan,WR,NE,0,17,307,0,0,5,0,0,0,0,0,0,0,0,0,0,0,0,0,0,0,0
J.White,RB,NE,0,99,252,0,0,0,0,0,0,0,0,0,0,0,0,0,0,0,0,0,0,0
M.Gillislee,RB,NE,0,290,0,0,4,0,0,0,0,0,1,0,0,0,0,0,0,0,0,0,0,0
B.Cooks,WR,NE,0,10,472,0,0,2,0,0,0,0,0,0,0,0,0,0,0,0,0,0,0,0
R.Gronkowski,TE,NE,0,0,401,0,0,4,0,0,0,0,0,0,0,0,0,0,0,0,0,0,0,0
D.Amendola,WR,NE,0,0,307,0,0,1,0,0,0,0,0,0,0,0,0,0,0,0,0,0,0,0
D.Andrews,C,NE,0,0,0,0,0,0,0,0,0,0,0,0,0,0,0,0,0,0,0,0,0,0
D.McCourty,FS,NE,0,0,0,0,0,0,0,0,0,0,0,1,0,0,0,0,0,0,0,0,0,0
S.Gostkowski,K,NE,0,0,0,0,0,0,13,1,17,0,0,0,0,0,0,0,0,0,0,0,0,0
R.Allen,P,NE,0,0,0,0,0,0,0,0,0,0,0,0,0,0,0,0,0,0,0,0,8,1108
D.Harris,LB,NE,0,0,0,0,0,0,0,0,0,0,0,0,0,0,0,0,0,0,0,0,0,0
L.Guy,DE,NE,0,0,0,0,0,0,0,0,0,0,0,0,0,0,0,0,0,0,0,0,0,0
T.Flowers,DE,NE,0,0,0,0,0,0,0,0,0,0,0,0,1,3.5,0,0,0,0,0,0,0,0
D.Hightower,MLB,NE,0,0,0,0,0,0,0,0,0,0,0,0,0,2,0,0,0,0,0,0,0,0
A.Branch,DE,NE,0,0,0,0,0,0,0,0,0,0,0,0,0,0,0,0,0,0,0,0,0,0
C.Marsh,OLB,NE,0,0,0,0,0,0,0,0,0,0,0,0,1,1,0,0,0,0,0,0,0,0
M.Brown,DT,NE,0,0,0,0,0,0,0,0,0,0,0,0,0,1,0,0,0,0,0,0,0,0
K.Van Noy,OLB,NE,0,0,0,0,0,0,0,0,0,0,0,0,0,3.5,0,0,0,0,0,0,0,0
M.Butler,CB,NE,0,0,0,0,0,0,0,0,0,0,0,2,1,0,0,0,0,0,0,0,0,0
J.Richards,SS,NE,0,0,0,0,0,0,0,0,0,0,0,0,1,0,0,0,0,0,0,0,0,0
S.Gilmore,CB,NE,0,0,0,0,0,0,0,0,0,0,0,1,0,0,0,0,0,0,0,0,0,0
A.Butler,DT,NE,0,0,0,0,0,0,0,0,0,0,0,0,0,0,0,0,0,0,0,0,0,0
P.Chung,SS,NE,0,0,0,0,0,0,0,0,0,0,0,0,0,0,0,0,0,0,0,0,0,0
D.Wise,DE,NE,0,0,0,0,0,0,0,0,0,0,0,0,0,3,0,0,0,0,0,0,0,0
E.Rowe,CB,NE,0,0,0,0,0,0,0,0,0,0,0,0,0,0,0,0,0,0,0,0,0,0
A.Smith,QB,KC,1637,121,0,12,1,0,0,0,0,0,0,0,0,0,0,0,0,0,0,0,0,0
K.Hunt,RB,KC,0,630,255,0,4,2,0,0,0,0,1,0,0,0,0,0,0,0,0,0,0,0
C.West,RB,KC,0,23,72,0,1,2,0,0,0,0,0,0,0,0,0,0,0,0,0,0,0,0
D.Thomas,WR,KC,0,4,83,0,0,2,0,0,0,0,0,0,0,0,0,0,0,0,0,0,0,0
T.Hill,WR,KC,0,15,390,0,0,2,0,0,0,0,0,0,0,0,0,0,0,0,1,0,0,0
T.Kelce,TE,KC,0,7,390,0,0,2,0,0,0,0,0,0,0,0,0,0,0,0,0,0,0,0
A.Wilson,WR,KC,0,6,158,0,0,1,0,0,0,0,0,0,0,0,0,0,0,0,0,0,0,0
D.Harris,TE,KC,0,0,36,0,0,1,0,0,0,0,0,0,0,0,0,0,0,0,0,0,0,0
C.Conley,WR,KC,0,0,175,0,0,0,0,0,0,0,0,0,0,0,0,0,0,0,0,0,0,0
C.Santos,,KC,0,0,0,0,0,0,3,0,12,0,0,0,0,0,0,0,0,0,0,0,0,0
D.Colquitt,P,KC,0,0,0,0,0,0,0,0,0,0,0,0,0,0,0,0,0,0,0,0,12,1119
R.Miller,DT,KC,0,0,0,0,0,0,0,0,0,0,0,0,0,0,0,0,0,0,0,0,0,0
T.Mitchell,CB,KC,0,0,0,0,0,0,0,0,0,0,0,2,0,0,0,0,0,0,0,0,0,0
P.Gaines,CB,KC,0,0,0,0,0,0,0,0,0,0,0,0,0,0,0,0,0,0,0,0,0,0
E.Murray,CB,KC,0,0,0,0,0,0,0,0,0,0,0,0,0,0,0,0,0,0,0,0,0,0
A.Bailey,DE,KC,0,0,0,0,0,0,0,0,0,0,0,0,0,2,0,0,0,0,0,0,0,0
D.Johnson,ILB,KC,0,0,0,0,0,0,0,0,0,0,0,0,0,0,0,0,0,0,0,0,0,0
M.Peters,CB,KC,0,0,0,0,0,0,0,0,0,0,0,2,1,0,0,0,0,0,0,0,0,0
F.Zombo,OLB,KC,0,0,0,0,0,0,0,0,0,0,0,0,0,0.5,0,0,0,0,0,0,0,0
R.Parker,FS,KC,0,0,0,0,0,0,0,0,0,0,0,0,0,0,0,0,0,0,0,0,0,0
E.Berry,SS,KC,0,0,0,0,0,0,0,0,0,0,0,0,0,0,0,0,0,0,0,0,0,0
D.Ford,OLB,KC,0,0,0,0,0,0,0,0,0,0,0,0,1,2,0,0,0,0,0,0,0,0
J.Houston,OLB,KC,0,0,0,0,0,0,0,0,0,0,0,0,0,5.5,0,0,0,0,0,0,0,0
B.Logan,NT,KC,0,0,0,0,0,0,0,0,0,0,0,0,0,1,0,0,0,0,0,0,0,0
D.Sorensen,SS,KC,0,0,0,0,0,0,0,0,0,0,0,0,0,0.5,0,0,0,0,0,0,0,0
T.Taylor,QB,BUF,910,121,0,6,0,0,0,0,0,0,0,0,0,0,0,0,0,0,0,0,0,0
L.McCoy,RB,BUF,0,279,189,0,0,0,0,0,0,0,0,0,0,0,0,0,0,0,0,0,0,0
M.Tolbert,FB,BUF,0,135,32,0,1,0,0,0,0,0,0,0,0,0,0,0,0,0,0,0,0,0
N.O'Leary,TE,BUF,0,0,107,0,0,0,0,0,0,0,0,0,0,0,0,0,0,0,0,0,0,0
C.Clay,TE,BUF,0,0,258,0,0,2,0,0,0,0,0,0,0,0,0,0,0,0,0,0,0,0
A.Holmes,WR,BUF,0,0,35,0,0,2,0,0,0,0,0,0,0,0,0,0,0,0,0,0,0,0
J.Matthews,WR,BUF,0,0,162,0,0,1,0,0,0,0,0,0,0,0,0,0,0,0,0,0,0,0
Z.Jones,WR,BUF,0,0,66,0,0,0,0,0,0,0,0,0,0,0,0,0,0,0,0,0,0,0
P.DiMarco,FB,BUF,0,-2,5,0,0,0,0,0,0,0,0,0,0,0,0,0,0,0,0,0,0,0
S.Hauschka,K,BUF,0,0,0,0,0,0,11,1,8,0,0,0,0,0,0,0,0,0,0,0,0,0
C.Schmidt,P,BUF,0,0,0,0,0,0,0,0,0,0,0,0,0,0,0,0,0,0,0,0,9,1284
B.Tate,WR,BUF,0,0,25,0,0,1,0,0,0,0,0,0,0,0,0,0,0,0,0,0,0,0
E.Gaines,CB,BUF,0,0,0,0,0,0,0,0,0,0,0,1,1,0,0,0,0,0,0,0,0,0
P.Brown,MLB,BUF,0,0,0,0,0,0,0,0,0,0,0,0,0,0,0,0,0,0,0,0,0,0
M.Hyde,SS,BUF,0,0,0,0,0,0,0,0,0,0,0,4,0,0,0,0,0,0,0,0,0,0
L.Alexander,OLB,BUF,0,0,0,0,0,0,0,0,0,0,0,0,1,2,0,0,0,0,0,0,0,0
L.Johnson,DB,BUF,0,0,0,0,0,0,0,0,0,0,0,0,0,0,0,0,0,0,0,0,0,0
R.Humber,OLB,BUF,0,0,0,0,0,0,0,0,0,0,0,0,0,0,0,0,0,0,0,0,0,0
T.White,CB,BUF,0,0,0,0,0,0,0,0,0,0,0,1,0,0,0,0,0,0,0,0,0,0
E.Yarbrough,DE,BUF,0,0,0,0,0,0,0,0,0,0,0,0,0,1,0,0,0,0,0,0,0,0
S.Lawson,DE,BUF,0,0,0,0,0,0,0,0,0,0,0,0,0,2,0,0,0,0,0,0,0,0
A.Washington,DT,BUF,0,0,0,0,0,0,0,0,0,0,0,0,0,0,0,0,0,0,0,0,0,0
K.Williams,DT,BUF,0,0,0,0,0,0,0,0,0,0,0,0,0,1,0,0,0,0,0,0,0,0
J.Hughes,DE,BUF,0,0,0,0,0,0,0,0,0,0,0,0,1,3,0,0,0,0,0,0,0,0
J.Poyer,FS,BUF,0,0,0,0,0,0,0,0,0,0,0,2,0,2,0,0,0,0,0,0,0,0
J.McCown,QB,NYJ,1374,56,0,7,1,0,0,0,0,0,2,0,0,0,0,0,0,0,0,0,0,0
M.Forte,RB,NYJ,0,116,117,0,0,0,0,0,0,0,0,0,0,0,0,0,0,0,0,0,0,0
B.Powell,RB,NYJ,0,240,72,0,2,0,0,0,0,0,0,0,0,0,0,0,0,0,0,0,0,0
W.Tye,,NYJ,0,0,38,0,0,0,0,0,0,0,0,0,0,0,0,0,0,0,0,0,0,0
J.Kearse,WR,NYJ,0,0,299,0,0,3,0,0,0,0,0,0,0,0,0,0,0,0,0,0,0,0
A.Stewart,WR,NYJ,0,18,36,0,0,0,0,0,0,0,0,0,0,0,0,0,0,0,0,0,0,0
E.Tomlinson,TE,NYJ,0,0,59,0,0,0,0,0,0,0,0,0,0,0,0,0,0,0,0,0,0,0
R.Anderson,WR,NYJ,0,0,296,0,0,1,0,0,0,0,0,0,0,0,0,0,0,0,0,0,0,0
K.Raymond,WR,NYJ,0,0,0,0,0,0,0,0,0,0,1,0,0,0,0,0,0,0,0,0,0,0
C.Catanzaro,K,NYJ,0,0,0,0,0,0,11,2,10,0,0,0,0,0,0,0,0,0,0,0,0,0
L.Edwards,P,NYJ,31,0,0,0,0,0,0,0,0,0,0,0,0,0,0,0,0,0,0,0,12,1417
D.Davis,ILB,NYJ,0,0,0,0,0,0,0,0,0,0,0,0,0,1.5,0,0,0,0,0,0,0,0
J.Stanford,ILB,NYJ,0,0,0,0,0,0,0,0,0,0,0,0,0,0,0,0,0,0,0,0,0,0
D.Lee,ILB,NYJ,0,0,0,0,0,0,0,0,0,0,0,0,1,1,0,0,0,0,0,0,0,0
M.Pennel,DE,NYJ,0,0,0,0,0,0,0,0,0,0,0,0,0,0,0,0,0,0,0,0,0,0
J.Jenkins,OLB,NYJ,0,0,0,0,0,0,0,0,0,0,0,0,0,0,0,0,0,0,0,0,0,0
J.Martin,OLB,NYJ,0,0,0,0,0,0,0,0,0,0,0,0,0,0.5,0,0,0,0,0,0,0,0
S.McLendon,NT,NYJ,0,0,0,0,0,0,0,0,0,0,0,0,0,0,0,0,0,0,0,0,0,0
B.Skrine,CB,NYJ,0,0,0,0,0,0,0,0,0,0,0,1,1,1,0,0,0,0,0,0,0,0
M.Maye,FS,NYJ,0,0,0,0,0,0,0,0,0,0,0,1,0,0,0,0,0,0,0,0,0,0
M.Wilkerson,DE,NYJ,0,0,0,0,0,0,0,0,0,0,0,0,0,0,0,0,0,0,0,0,0,0
T.Brooks,DB,NYJ,0,0,0,0,0,0,0,0,0,0,0,2,0,0,0,0,0,0,0,0,0,0
Ja.Adams,SS,NYJ,0,0,0,0,0,0,0,0,0,0,0,0,0,1,0,0,0,0,0,0,0,0
K.Ealy,OLB,NYJ,0,0,0,0,0,0,0,0,0,0,0,1,0,0,0,0,0,0,0,0,0,0
L.Williams,DE,NYJ,0,0,0,0,0,0,0,0,0,0,0,0,0,0,0,0,0,0,0,0,0,0
J.Burris,CB,NYJ,0,0,0,0,0,0,0,0,0,0,0,1,0,0,0,0,0,0,0,0,0,0
C.Pelon,DEF,NYJ,0,0,0,0,0,0,0,0,0,0,0,0,0,0,0,0,0,0,0,0,0,0
D.Donahue,LB,NYJ,0,0,0,0,0,0,0,0,0,0,0,0,0,0,0,0,0,0,0,0,0,0
M.Claiborne,CB,NYJ,0,0,0,0,0,0,0,0,0,0,0,1,0,0,0,0,0,0,0,0,0,0
M.Glennon,QB,CHI,833,4,0,4,0,0,0,0,0,0,3,0,0,0,0,0,0,0,0,0,0,0
M.Burton,FB,CHI,0,7,8,0,0,0,0,0,0,0,0,0,0,0,0,0,0,0,0,0,0,0
T.Cohen,RB,CHI,21,226,163,1,0,1,0,0,0,0,2,0,0,0,0,0,0,0,0,0,0,0
Jo.Howard,RB,CHI,0,493,59,0,4,0,0,0,0,0,1,0,0,0,0,0,0,0,0,0,0,0
K.White,WR,CHI,0,0,6,0,0,0,0,0,0,0,0,0,0,0,0,0,0,0,0,0,0,0
D.Sims,TE,CHI,0,0,98,0,0,1,0,0,0,0,0,0,0,0,0,0,0,0,0,0,0,0
Z.Miller,TE,CHI,0,0,207,0,0,2,0,0,0,0,0,0,0,0,0,0,0,0,0,0,0,0
J.Bellamy,WR,CHI,0,0,114,0,0,0,0,0,0,0,0,0,0,0,0,0,0,0,0,0,0,0
K.Wright,WR,CHI,0,0,236,0,0,1,0,0,0,0,0,0,0,0,0,0,0,0,0,0,0,0
D.Thompson,WR,CHI,0,0,125,0,0,1,0,0,0,0,0,0,0,0,0,0,0,0,0,0,0,0
R.Robertson-Harris,DE,CHI,0,0,0,0,0,0,0,0,0,0,0,0,0,0,0,0,0,0,0,0,0,0
C.Barth,K,CHI,0,0,0,0,0,0,4,2,11,0,0,0,0,0,0,0,0,0,0,0,0,0
P.O'Donnell,P,CHI,38,0,0,1,0,0,0,0,0,0,0,0,0,0,0,0,0,0,0,0,13,1553
B.Cunningham,RB,CHI,0,30,66,0,0,1,0,0,0,0,0,0,0,0,0,0,0,0,0,0,0,0
L.Floyd,OLB,CHI,0,0,0,0,0,0,0,0,0,0,0,0,0,3,0,0,0,0,0,0,0,0
N.Kwiatkoski,ILB,CHI,0,0,0,0,0,0,0,0,0,0,0,0,0,0,0,0,0,0,0,0,0,0
M.Cooper,CB,CHI,0,0,0,0,0,0,0,0,0,0,0,0,0,0,0,0,0,0,0,0,0,0
J.Freeman,ILB,CHI,0,0,0,0,0,0,0,0,0,0,0,0,0,0,0,0,0,0,0,0,0,0
W.Young,OLB,CHI,0,0,0,0,0,0,0,0,0,0,0,0,0,2,0,0,0,0,0,0,0,0
S.Acho,OLB,CHI,0,0,0,0,0,0,0,0,0,0,0,0,0,0,0,0,0,0,0,0,0,0
A.Hicks,DE,CHI,0,0,0,0,0,0,0,0,0,0,0,0,0,5,0,0,0,0,0,0,0,0
K.Fuller,CB,CHI,0,0,0,0,0,0,0,0,0,0,0,0,0,0,0,0,0,0,0,0,0,0
M.Unrein,DE,CHI,0,0,0,0,0,0,0,0,0,0,0,0,0,0,0,0,0,0,0,0,0,0
D.Trevathan,ILB,CHI,0,0,0,0,0,0,0,0,0,0,0,0,0,1,0,0,0,0,0,0,0,0
E.Jackson,FS,CHI,0,0,0,0,0,0,0,0,0,0,0,0,0,0,0,0,0,0,0,0,0,0
B.Callahan,CB,CHI,0,0,0,0,0,0,0,0,0,0,0,1,1,1,0,0,0,0,0,0,0,0
E.Goldman,NT,CHI,0,0,0,0,0,0,0,0,0,0,0,0,0,1,0,0,0,0,0,0,0,0
Q.Demps,SS,CHI,0,0,0,0,0,0,0,0,0,0,0,0,0,0,0,0,0,0,0,0,0,0
M.Ryan,QB,ATL,1357,26,0,6,0,0,0,0,0,0,1,0,0,0,0,0,0,0,0,0,0,0
D.Freeman,RB,ATL,0,353,81,0,5,0,0,0,0,0,0,0,0,0,0,0,0,0,0,0,0,0
T.Coleman,RB,ATL,0,215,157,0,1,1,0,0,0,0,0,0,0,0,0,0,0,0,0,0,0,0
A.Hooper,TE,ATL,0,0,242,0,0,1,0,0,0,0,0,0,0,0,0,0,0,0,0,0,0,0
T.Gabriel,WR,ATL,0,7,168,0,0,1,0,0,0,0,0,0,0,0,0,0,0,0,0,0,0,0
Ju.Jones,WR,ATL,0,0,367,0,0,0,0,0,0,0,0,0,0,0,0,0,0,0,0,0,0,0
M.Sanu,WR,ATL,0,4,163,0,0,1,0,0,0,0,0,0,0,0,0,0,0,0,0,0,0,0
M.Bryant,K,ATL,0,0,0,0,0,0,10,1,13,0,0,0,0,0,0,0,0,0,0,0,0,0
M.Bosher,P,ATL,0,0,0,0,0,0,0,0,0,0,0,0,0,0,0,0,0,0,0,0,7,672
A.Roberts,WR,ATL,0,0,12,0,0,0,0,0,0,0,0,0,0,0,0,0,0,0,0,0,0,0
B.Reed,DE,ATL,0,0,0,0,0,0,0,0,0,0,0,0,0,3,0,0,0,0,0,0,0,0
D.Kazee,FS,ATL,0,0,0,0,0,0,0,0,0,0,0,0,1,0,0,0,0,0,0,0,0,0
T.McKinley,DE,ATL,0,0,0,0,0,0,0,0,0,0,0,0,0,1,0,0,0,0,0,0,0,0
B.Poole,CB,ATL,0,0,0,0,0,0,0,0,0,0,0,0,0,1,0,0,0,0,0,0,0,0
R.Alford,CB,ATL,0,0,0,0,0,0,0,0,0,0,0,0,0,0,0,0,0,0,0,0,0,0
D.Campbell,OLB,ATL,0,0,0,0,0,0,0,0,0,0,0,0,0,1,0,0,0,0,0,0,0,0
R.Allen,FS,ATL,0,0,0,0,0,0,0,0,0,0,0,0,0,0,0,0,0,0,0,0,0,0
D.Jones,MLB,ATL,0,0,0,0,0,0,0,0,0,0,0,1,0,1,0,0,0,0,0,0,0,0
V.Beasley,OLB,ATL,0,0,0,0,0,0,0,0,0,0,0,0,1,2,0,0,0,0,0,0,0,0
A.Clayborn,DE,ATL,0,0,0,0,0,0,0,0,0,0,0,0,0,2,0,0,0,0,0,0,0,0
K.Neal,SS,ATL,0,0,0,0,0,0,0,0,0,0,0,0,0,0,0,0,0,0,0,0,0,0
D.Trufant,CB,ATL,0,0,0,0,0,0,0,0,0,0,0,1,0,0,0,0,0,0,0,0,0,0
D.Riley,OLB,ATL,0,0,0,0,0,0,0,0,0,0,0,0,0,0,0,0,0,0,0,0,0,0
A.Dalton,QB,CIN,1220,36,0,7,0,0,0,0,0,0,2,0,0,0,0,0,0,0,0,0,0,0
G.Bernard,RB,CIN,0,91,164,0,0,2,0,0,0,0,0,0,0,0,0,0,0,0,0,0,0,0
J.Mixon,RB,CIN,0,187,78,0,1,0,0,0,0,0,0,0,0,0,0,0,0,0,0,0,0,0
J.Hill,RB,CIN,0,98,16,0,0,0,0,0,0,0,0,0,0,0,0,0,0,0,0,0,0,0
B.LaFell,WR,CIN,0,0,108,0,0,0,0,0,0,0,0,0,0,0,0,0,0,0,0,0,0,0
A.Green,WR,CIN,0,0,504,0,0,3,0,0,0,0,1,0,0,0,0,0,0,0,0,0,0,0
T.Eifert,TE,CIN,0,0,46,0,0,0,0,0,0,0,0,0,0,0,0,0,0,0,0,0,0,0
T.Kroft,TE,CIN,0,0,139,0,0,2,0,0,0,0,0,0,0,0,0,0,0,0,0,0,0,0
T.Boyd,WR,CIN,0,0,43,0,0,0,0,0,0,0,0,0,0,0,0,0,0,0,0,0,0,0
K.Huber,P,CIN,0,0,0,0,0,0,0,0,0,0,0,0,0,0,0,0,0,0,0,0,13,1220
A.Erickson,WR,CIN,0,-4,74,0,0,0,0,0,0,0,0,0,0,0,0,0,0,0,0,0,0,0
A.Billings,NT,CIN,0,0,0,0,0,0,0,0,0,0,0,0,0,0,0,0,0,0,0,0,0,0
M.Johnson,DE,CIN,0,0,0,0,0,0,0,0,0,0,0,0,0,3,0,0,0,0,0,0,0,0
P.Sims,DT,CIN,0,0,0,0,0,0,0,0,0,0,0,0,0,0,0,0,0,0,0,0,0,0
G.Iloka,FS,CIN,0,0,0,0,0,0,0,0,0,0,0,1,0,0,0,0,0,0,0,0,0,0
K.Minter,MLB,CIN,0,0,0,0,0,0,0,0,0,0,0,0,0,0,0,0,0,0,0,0,0,0
V.Rey,OLB,CIN,0,0,0,0,0,0,0,0,0,0,0,0,0,0,0,0,0,0,0,0,0,0
D.Kirkpatrick,CB,CIN,0,0,0,0,0,0,0,0,0,0,0,0,0,0,0,0,0,0,0,0,0,0
C.Smith,DE,CIN,0,0,0,0,0,0,0,0,0,0,0,0,0,1.5,0,0,0,0,0,0,0,0
D.Dennard,CB,CIN,0,0,0,0,0,0,0,0,0,0,0,0,0,2,0,0,0,0,0,0,0,0
G.Atkins,DT,CIN,0,0,0,0,0,0,0,0,0,0,0,0,1,4,0,0,0,0,0,0,0,0
C.Fejedelem,SS,CIN,0,0,0,0,0,0,0,0,0,0,0,1,0,0,0,0,0,0,0,0,0,0
C.Dunlap,DE,CIN,0,0,0,0,0,0,0,0,0,0,0,0,0,1,0,0,0,0,0,0,0,0
R.Glasgow,DT,CIN,0,0,0,0,0,0,0,0,0,0,0,0,0,0,0,0,0,0,0,0,0,0
J.Willis,DE,CIN,0,0,0,0,0,0,0,0,0,0,0,0,0,1,0,0,0,0,0,0,0,0
W.Jackson,CB,CIN,0,0,0,0,0,0,0,0,0,0,1,1,0,0,0,0,0,0,0,0,0,0
N.Vigil,OLB,CIN,0,0,0,0,0,0,0,0,0,0,0,1,0,1,0,0,0,0,0,0,0,0
J.Shaw,CB,CIN,0,0,0,0,0,0,0,0,0,0,0,0,0,0,0,0,0,0,0,0,0,0
J.Flacco,QB,BAL,1003,-3,0,4,0,0,0,0,0,0,0,0,0,0,0,0,0,0,0,0,0,0
M.Campanaro,WR,BAL,0,14,60,0,0,0,0,0,0,0,0,0,0,0,0,0,0,0,1,0,0,0
D.Woodhead,RB,BAL,0,4,33,0,0,0,0,0,0,0,0,0,0,0,0,0,0,0,0,0,0,0
J.Allen,RB,BAL,0,281,114,0,1,1,0,0,0,0,0,0,0,0,0,0,0,0,0,0,0,0
T.West,RB,BAL,0,138,23,0,2,0,0,0,0,0,1,0,0,0,0,0,0,0,0,0,0,0
N.Boyle,TE,BAL,0,0,97,0,0,0,0,0,0,0,0,0,0,0,0,0,0,0,0,0,0,0
J.Maclin,WR,BAL,0,0,159,0,0,2,0,0,0,0,0,0,0,0,0,0,0,0,0,0,0,0
M.Wallace,WR,BAL,0,4,239,0,0,1,0,0,0,0,0,0,0,0,0,0,0,0,0,0,0,0
M.Williams,TE,BAL,0,2,32,0,0,0,0,0,0,0,1,0,0,0,0,0,0,0,0,0,0,0
B.Perriman,WR,BAL,0,0,26,0,0,0,0,0,0,0,0,0,0,0,0,0,0,0,0,0,0,0
M.Pierce,NT,BAL,0,0,0,0,0,0,0,0,0,0,0,0,0,1,0,0,0,0,0,0,0,0
J.Tucker,K,BAL,0,0,0,0,0,0,10,2,10,0,0,0,0,0,0,0,0,0,0,0,0,0
S.Koch,P,BAL,0,0,0,0,0,0,0,0,0,0,0,0,0,0,0,0,0,0,0,0,12,1520
E.Weddle,FS,BAL,0,0,0,0,0,0,0,0,0,0,0,2,1,0,0,0,0,0,0,0,0,0
B.Carr,CB,BAL,0,0,0,0,0,0,0,0,0,0,0,2,0,0,0,0,0,0,0,0,0,0
M.Judon,OLB,BAL,0,0,0,0,0,0,0,0,0,0,0,0,0,2,0,0,0,0,0,0,0,0
C.Mosley,ILB,BAL,0,0,0,0,0,0,0,0,0,0,0,1,1,0,0,0,0,0,0,0,0,0
T.Jefferson,SS,BAL,0,0,0,0,0,0,0,0,0,0,0,0,0,2,0,0,0,0,0,0,0,0
B.Urban,DE,BAL,0,0,0,0,0,0,0,0,0,0,0,0,0,0,0,0,0,0,0,0,0,0
Z.Smith,DE,BAL,0,0,0,0,0,0,0,0,0,0,0,0,0,1,0,0,0,0,0,0,0,0
T.Bowser,LB,BAL,0,0,0,0,0,0,0,0,0,0,0,1,0,1,0,0,0,0,0,0,0,0
T.Suggs,OLB,BAL,0,0,0,0,0,0,0,0,0,0,0,0,2,4.5,0,0,0,0,0,0,0,0
L.Webb,FS,BAL,0,0,0,0,0,0,0,0,0,0,0,2,1,2,0,0,0,0,0,0,0,0
P.Ricard,FB,BAL,0,0,0,0,0,0,0,0,0,0,0,0,0,0,0,0,0,0,0,0,0,0
A.Levine Sr.,CB,BAL,0,0,0,0,0,0,0,0,0,0,0,0,0,1,0,0,0,0,0,0,0,0
J.Smith,CB,BAL,0,0,0,0,0,0,0,0,0,0,0,1,0,0,0,0,0,0,0,0,0,0
K.Correa,ILB,BAL,0,0,0,0,0,0,0,0,0,0,0,0,0,0,0,0,0,0,0,0,0,0
B.Williams,NT,BAL,0,0,0,0,0,0,0,0,0,0,0,0,0,0,0,0,0,0,0,0,0,0
D.Kizer,QB,CLE,851,126,0,3,2,0,0,0,0,0,2,0,0,0,0,0,0,0,0,0,0,0
I.Crowell,RB,CLE,0,252,72,0,0,0,0,0,0,0,0,0,0,0,0,0,0,0,0,0,0,0
M.Dayes,RB,CLE,0,9,9,0,0,0,0,0,0,0,0,0,0,0,0,0,0,0,0,0,0,0
C.Coleman,WR,CLE,0,0,62,0,0,1,0,0,0,0,0,0,0,0,0,0,0,0,0,0,0,0
R.Louis,WR,CLE,0,0,229,0,0,0,0,0,0,0,0,0,0,0,0,0,0,0,0,0,0,0
K.Britt,WR,CLE,0,0,121,0,0,1,0,0,0,0,0,0,0,0,0,0,0,0,0,0,0,0
D.Njoku,TE,CLE,0,1,118,0,0,3,0,0,0,0,0,0,0,0,0,0,0,0,0,0,0,0
S.DeValve,TE,CLE,0,0,167,0,0,1,0,0,0,0,0,0,0,0,0,0,0,0,0,0,0,0
D.Johnson,RB,CLE,0,117,269,0,2,1,0,0,0,0,0,0,0,0,0,0,0,0,0,0,0,0
J.Peppers,FS,CLE,0,0,0,0,0,0,0,0,0,0,0,0,0,0,0,0,0,0,0,0,0,0
Z.Gonzalez,K,CLE,0,0,0,0,0,0,3,3,11,0,0,0,0,0,0,0,0,0,0,0,0,0
B.Colquitt,P,CLE,0,0,0,0,0,0,0,0,0,0,0,0,0,0,0,0,0,0,0,0,10,1564
B.Boddy-Calhoun,SS,CLE,0,0,0,0,0,0,0,0,0,0,0,0,0,0,0,0,0,0,0,0,0,0
D.Kindred,SS,CLE,0,0,0,0,0,0,0,0,0,0,0,1,0,0,0,0,0,0,0,0,0,0
J.Collins,OLB,CLE,0,0,0,0,0,0,0,0,0,0,0,0,1,0,0,0,0,0,0,0,0,0
E.Ogbah,DE,CLE,0,0,0,0,0,0,0,0,0,0,0,0,2,2,0,0,0,0,0,0,0,0
J.McCourty,CB,CLE,0,0,0,0,0,0,0,0,0,0,0,3,2,0,0,0,0,0,0,0,0,0
C.Kirksey,OLB,CLE,0,0,0,0,0,0,0,0,0,0,0,0,0,1.5,0,0,0,0,0,0,0,0
L.Ogunjobi,DT,CLE,0,0,0,0,0,0,0,0,0,0,0,0,0,0,0,0,0,0,0,0,0,0
J.Schobert,MLB,CLE,0,0,0,0,0,0,0,0,0,0,0,0,0,0.5,0,0,0,0,0,0,0,0
D.Shelton,DT,CLE,0,0,0,0,0,0,0,0,0,0,0,0,0,0,0,0,0,0,0,0,0,0
C.Nassib,DE,CLE,0,0,0,0,0,0,0,0,0,0,0,0,0,1,0,0,0,0,0,0,0,0
J.Taylor,CB,CLE,0,0,0,0,0,0,0,0,0,0,0,0,0,0,0,0,0,0,0,0,0,0
T.Coley,DT,CLE,0,0,0,0,0,0,0,0,0,0,0,0,0,1,0,0,0,0,0,0,0,0
B.Roethlisberger,QB,PIT,1521,-6,0,7,0,0,0,0,0,0,1,0,0,0,0,0,0,0,0,0,0,0
J.Conner,RB,PIT,0,69,0,0,0,0,0,0,0,0,0,0,0,0,0,0,0,0,0,0,0,0
L.Bell,RB,PIT,0,550,156,0,4,0,0,0,0,0,0,0,0,0,0,0,0,0,0,0,0,0
M.Bryant,WR,PIT,0,20,231,0,0,1,0,0,0,0,0,0,0,0,0,0,0,0,0,0,0,0
J.James,TE,PIT,0,0,151,0,0,2,0,0,0,0,0,0,0,0,0,0,0,0,0,0,0,0
E.Rogers,WR,PIT,0,0,54,0,0,0,0,0,0,0,1,0,0,0,0,0,0,0,0,0,0,0
A.Brown,WR,PIT,0,0,700,0,0,2,0,0,0,0,0,0,0,0,0,0,0,0,0,0,0,0
C.Boswell,K,PIT,0,0,0,0,0,0,11,1,11,0,0,0,0,0,0,0,0,0,0,0,0,0
J.Berry,P,PIT,0,0,0,0,0,0,0,0,0,0,0,0,0,0,0,0,0,0,0,0,10,1162
J.Smith-Schuster,WR,PIT,0,0,192,0,0,2,0,0,0,0,0,0,0,0,0,0,0,0,0,0,0,0
T.Watt,OLB,PIT,0,0,0,0,0,0,0,0,0,0,0,1,0,3,0,0,0,0,0,0,0,0
S.Tuitt,DE,PIT,0,0,0,0,0,0,0,0,0,0,0,0,0,0.5,0,0,0,0,0,0,0,0
R.Shazier,ILB,PIT,0,0,0,0,0,0,0,0,0,0,0,2,2,0,0,0,0,0,0,0,0,0
J.Hargrave,NT,PIT,0,0,0,0,0,0,0,0,0,0,0,0,0,2,0,0,0,0,0,0,0,0
M.Mitchell,FS,PIT,0,0,0,0,0,0,0,0,0,0,0,0,0,0,0,0,0,0,0,0,0,0
J.Haden,CB,PIT,0,0,0,0,0,0,0,0,0,0,0,0,0,1,0,0,0,0,0,0,0,0
A.Chickillo,OLB,PIT,0,0,0,0,0,0,0,0,0,0,0,0,0,3,0,0,0,0,0,0,0,0
T.Alualu,DE,PIT,0,0,0,0,0,0,0,0,0,0,0,0,0,0,0,0,0,0,0,0,0,0
S.Davis,SS,PIT,0,0,0,0,0,0,0,0,0,0,0,0,0,0,0,0,0,0,0,0,0,0
C.Heyward,DE,PIT,0,0,0,0,0,0,0,0,0,0,0,0,1,3,0,0,0,0,0,0,0,0
W.Gay,FS,PIT,0,0,0,0,0,0,0,0,0,0,0,0,1,0,0,0,0,0,0,0,0,0
J.Wilcox,FS,PIT,0,0,0,0,0,0,0,0,0,0,0,1,0,0,0,0,0,0,0,0,0,0
L.Walton,DE,PIT,0,0,0,0,0,0,0,0,0,0,0,0,0,0,0,0,0,0,0,0,0,0
A.Burns,CB,PIT,0,0,0,0,0,0,0,0,0,0,0,0,0,0,0,0,0,0,0,0,0,0
M.Hilton,DB,PIT,0,0,0,0,0,0,0,0,0,0,0,1,0,1,0,0,0,0,0,0,0,0
V.Williams,ILB,PIT,0,0,0,0,0,0,0,0,0,0,0,0,0,4,0,0,0,0,0,0,0,0
M.Stafford,QB,DET,1428,57,0,12,0,0,0,0,0,0,4,0,0,0,0,0,0,0,0,0,0,0
K.Redfern,P,DET,0,10,0,0,0,0,0,0,0,0,0,0,0,0,0,0,0,0,0,0,0,50
A.Abdullah,RB,DET,0,342,68,0,1,0,0,0,0,0,0,0,0,0,0,0,0,0,0,0,0,0
T.Riddick,RB,DET,0,39,180,0,0,1,0,0,0,0,0,0,0,0,0,0,0,0,0,0,0,0
G.Tate,WR,DET,0,9,363,0,0,2,0,0,0,0,0,0,0,0,0,0,0,0,0,0,0,0
D.Washington,RB,DET,0,31,0,0,0,0,0,0,0,0,0,0,0,0,0,0,0,0,0,0,0,0
T.Jones,WR,DET,0,0,173,0,0,0,0,0,0,0,0,0,0,0,0,0,0,0,0,0,0,0
E.Ebron,TE,DET,0,0,102,0,0,1,0,0,0,0,0,0,0,0,0,0,0,0,0,0,0,0
K.Golladay,WR,DET,0,0,102,0,0,2,0,0,0,0,0,0,0,0,0,0,0,0,0,0,0,0
M.Jones,WR,DET,0,0,280,0,0,3,0,0,0,0,0,0,0,0,0,0,0,0,0,0,0,0
J.Davis,LB,DET,0,0,0,0,0,0,0,0,0,0,0,0,0,1,0,0,0,0,0,0,0,0
M.Prater,K,DET,0,0,0,0,0,0,10,2,15,0,0,0,0,0,0,0,0,0,0,0,1,139
J.Agnew,CB,DET,0,0,0,0,0,0,0,0,0,0,0,0,0,0,0,0,0,0,2,0,0,0
A.Spence,DT,DET,0,0,0,0,0,0,0,0,0,0,0,0,0,0,0,0,0,0,0,0,0,0
J.Ledbetter,DE,DET,0,0,0,0,0,0,0,0,0,0,0,0,0,0,0,0,0,0,0,0,0,0
C.Washington,DE,DET,0,0,0,0,0,0,0,0,0,0,0,0,0,0,0,0,0,0,0,0,0,0
T.Whitehead,OLB,DET,0,0,0,0,0,0,0,0,0,0,0,1,0,0,0,0,0,0,0,0,0,0
Q.Diggs,CB,DET,0,0,0,0,0,0,0,0,0,0,0,0,0,0,0,0,0,0,0,0,0,0
T.Wilson,SS,DET,0,0,0,0,0,0,0,0,0,0,0,1,1,0,0,0,0,0,0,0,0,0
A.Zettel,DE,DET,0,0,0,0,0,0,0,0,0,0,0,0,0,4,0,0,0,0,0,0,0,0
M.Killebrew,SS,DET,0,0,0,0,0,0,0,0,0,0,0,1,1,0,0,0,0,0,0,0,0,0
D.Slay,CB,DET,0,0,0,0,0,0,0,0,0,0,0,3,0,0,0,0,0,0,0,0,0,0
A.Robinson,DT,DET,0,0,0,0,0,0,0,0,0,0,0,1,1,0,0,0,0,0,0,0,0,0
N.Lawson,CB,DET,0,0,0,0,0,0,0,0,0,0,0,0,0,0,0,0,0,0,0,0,0,0
G.Quin,FS,DET,0,0,0,0,0,0,0,0,0,0,0,2,2,0,0,0,0,0,0,0,0,0
E.Ansah,DE,DET,0,0,0,0,0,0,0,0,0,0,0,0,1,4,0,0,0,0,0,0,0,0
J.Valoaga,DE,DET,0,0,0,0,0,0,0,0,0,0,0,0,0,1,0,0,0,0,0,0,0,0
D.Hayden,DB,DET,0,0,0,0,0,0,0,0,0,0,0,0,0,0,0,0,0,0,0,0,0,0
C.Palmer,QB,ARI,1857,12,0,9,0,0,0,0,0,0,0,0,0,0,0,0,0,0,0,0,0,0
J.Brown,WR,ARI,0,10,168,0,0,2,0,0,0,0,0,0,0,0,0,0,0,0,0,0,0,0
Da.Johnson,RB,ARI,0,23,68,0,0,0,0,0,0,0,1,0,0,0,0,0,0,0,0,0,0,0
K.Williams,RB,ARI,0,46,12,0,1,0,0,0,0,0,0,0,0,0,0,0,0,0,0,0,0,0
J.Nelson,WR,ARI,0,30,277,0,0,2,0,0,0,0,1,0,0,0,0,0,0,0,0,0,0,0
A.Ellington,RB,ARI,0,49,257,0,0,0,0,0,0,0,0,0,0,0,0,0,0,0,0,0,0,0
J.Gresham,TE,ARI,0,0,122,0,0,0,0,0,0,0,0,0,0,0,0,0,0,0,0,0,0,0
L.Fitzgerald,WR,ARI,0,0,465,0,0,3,0,0,0,0,1,0,0,0,0,0,0,0,0,0,0,0
Ja.Brown,WR,ARI,0,0,274,0,0,1,0,0,0,0,0,0,0,0,0,0,0,0,0,0,0,0
P.Dawson,K,ARI,0,0,0,0,0,0,10,3,11,0,0,0,0,0,0,0,0,0,0,0,0,0
A.Lee,P,ARI,0,0,0,0,0,0,0,0,0,0,0,0,0,0,0,0,0,0,0,0,7,1420
J.Bethel,CB,ARI,0,0,0,0,0,0,0,0,0,0,0,1,0,0,0,0,0,0,0,0,0,0
C.Jones,OLB,ARI,0,0,0,0,0,0,0,0,0,0,0,0,1,6,0,0,0,0,0,0,0,0
C.Peters,NT,ARI,0,0,0,0,0,0,0,0,0,0,0,0,0,0,0,0,0,0,0,0,0,0
I.Momah,TE,ARI,0,0,46,0,0,0,0,0,0,0,0,0,0,0,0,0,0,0,0,0,0,0
A.Bethea,SS,ARI,0,0,0,0,0,0,0,0,0,0,0,3,0,0,0,0,0,0,0,0,0,0
J.Mauro,DE,ARI,0,0,0,0,0,0,0,0,0,0,0,0,0,1,0,0,0,0,0,0,0,0
M.Golden,OLB,ARI,0,0,0,0,0,0,0,0,0,0,0,0,0,0,0,0,0,0,0,0,0,0
X.Williams,NT,ARI,0,0,0,0,0,0,0,0,0,0,0,0,0,0.5,0,0,0,0,0,0,0,0
T.Mathieu,FS,ARI,0,0,0,0,0,0,0,0,0,0,0,1,0,1,0,0,0,0,0,0,0,0
F.Rucker,DE,ARI,0,0,0,0,0,0,0,0,0,0,0,0,0,0.5,0,0,0,0,0,0,0,0
P.Peterson,CB,ARI,0,0,0,0,0,0,0,0,0,0,0,0,0,0,0,0,0,0,0,0,0,0
T.Branch,SS,ARI,0,0,0,0,0,0,0,0,0,0,0,0,1,0,0,0,0,0,0,0,0,0
J.Bynes,LB,ARI,0,0,0,0,0,0,0,0,0,0,0,0,0,1,0,0,0,0,0,0,0,0
K.Dansby,ILB,ARI,0,0,0,0,0,0,0,0,0,0,0,0,0,0,0,0,0,0,0,0,0,0
H.Reddick,ILB,ARI,0,0,0,0,0,0,0,0,0,0,0,0,0,0,0,0,0,0,0,0,0,0
D.Watson,QB,HOU,1297,202,0,15,2,0,0,0,0,0,1,0,0,0,0,0,0,0,0,0,0,0
T.Savage,QB,HOU,62,0,0,0,0,0,0,0,0,0,2,0,0,0,0,0,0,0,0,0,0,0
L.Miller,RB,HOU,0,372,175,0,1,1,0,0,0,0,0,0,0,0,0,0,0,0,0,0,0,0
T.Ervin,RB,HOU,0,12,38,0,0,0,0,0,0,0,0,0,0,0,0,0,0,0,0,0,0,0
D.Foreman,RB,HOU,0,207,68,0,0,0,0,0,0,0,1,0,0,0,0,0,0,0,0,0,0,0
D.Hopkins,WR,HOU,0,0,382,0,0,6,0,0,0,0,0,0,0,0,0,0,0,0,0,0,0,0
S.Anderson,TE,HOU,0,0,136,0,0,0,0,0,0,0,0,0,0,0,0,0,0,0,0,0,0,0
C.Fiedorowicz,TE,HOU,0,0,46,0,0,0,0,0,0,0,0,0,0,0,0,0,0,0,0,0,0,0
K.Fairbairn,K,HOU,0,0,0,0,0,0,10,0,15,0,0,0,0,0,0,0,0,0,0,0,0,0
S.Lechler,P,HOU,0,0,0,0,0,0,0,0,0,0,0,0,0,0,0,0,0,0,0,0,12,1602
A.Hal,FS,HOU,0,0,0,0,0,0,0,0,0,0,0,2,1,0,0,0,0,0,0,0,0,0
B.Scarlett,LB,HOU,0,0,0,0,0,0,0,0,0,0,0,0,0,0,0,0,0,0,0,0,0,0
B.Peters,LB,HOU,0,0,0,0,0,0,0,0,0,0,0,0,0,0,0,0,0,0,0,0,0,0
E.Pleasant,DB,HOU,0,0,0,0,0,0,0,0,0,0,0,0,0,0,0,0,0,0,0,0,0,0
J.Clowney,OLB,HOU,0,0,0,0,0,0,0,0,0,0,0,0,1,3,0,0,0,0,0,0,0,0
W.Mercilus,OLB,HOU,0,0,0,0,0,0,0,0,0,0,0,0,1,1,0,0,0,0,0,0,0,0
K.Johnson,CB,HOU,0,0,0,0,0,0,0,0,0,0,0,0,0,0,0,0,0,0,0,0,0,0
C.Covington,DE,HOU,0,0,0,0,0,0,0,0,0,0,0,0,1,1,0,0,0,0,0,0,0,0
D.Reader,NT,HOU,0,0,0,0,0,0,0,0,0,0,0,0,0,1,0,0,0,0,0,0,0,0
Z.Cunningham,ILB,HOU,0,0,0,0,0,0,0,0,0,0,0,0,1,0,0,0,0,0,0,0,0,0
C.Moore,SS,HOU,0,0,0,0,0,0,0,0,0,0,0,0,0,0,0,0,0,0,0,0,0,0
K.Jackson,CB,HOU,0,0,0,0,0,0,0,0,0,0,0,0,1,1,0,0,0,0,0,0,0,0
B.McKinney,ILB,HOU,0,0,0,0,0,0,0,0,0,0,0,0,0,2,0,0,0,0,0,0,0,0
J.Joseph,CB,HOU,0,0,0,0,0,0,0,0,0,0,0,2,0,0,0,0,0,0,0,0,0,0
J.Heath,DE,HOU,0,0,0,0,0,0,0,0,0,0,0,0,0,1,0,0,0,0,0,0,0,0
M.Gilchrist,SS,HOU,0,0,0,0,0,0,0,0,0,0,0,1,1,1,0,0,0,0,0,0,0,0
B.Cushing,ILB,HOU,0,0,0,0,0,0,0,0,0,0,0,0,0,0,0,0,0,0,0,0,0,0
J.Watt,DE,HOU,0,0,0,0,0,0,0,0,0,0,0,0,0,0,0,0,0,0,0,0,0,0
B.Dunn,DT,HOU,0,0,0,0,0,0,0,0,0,0,0,0,0,0,0,0,0,0,0,0,0,0
B.Bortles,QB,JAX,1068,126,0,8,0,0,0,0,0,0,1,0,0,0,0,0,0,0,0,0,0,0
L.Fournette,RB,JAX,0,596,136,0,6,1,0,0,0,0,0,0,0,0,0,0,0,0,0,0,0,0
T.Bohanon,FB,JAX,0,0,23,0,0,1,0,0,0,0,0,0,0,0,0,0,0,0,0,0,0,0
C.Ivory,RB,JAX,0,162,143,0,0,1,0,0,0,0,0,0,0,0,0,0,0,0,0,0,0,0
A.Hurns,WR,JAX,0,0,244,0,0,2,0,0,0,0,0,0,0,0,0,0,0,0,0,0,0,0
A.Benn,WR,JAX,0,0,12,0,0,0,0,0,0,0,0,0,0,0,0,0,0,0,0,0,0,0
A.Robinson,WR,JAX,0,0,17,0,0,0,0,0,0,0,0,0,0,0,0,0,0,0,0,0,0,0
J.O'Shaughnessy,TE,JAX,0,0,41,0,0,0,0,0,0,0,0,0,0,0,0,0,0,0,0,0,0,0
D.Fowler,DE,JAX,0,0,0,0,0,0,0,0,0,0,0,0,2,4,0,0,0,0,0,0,0,0
Y.Ngakoue,DE,JAX,0,0,0,0,0,0,0,0,0,0,0,0,3,4,0,0,0,0,0,0,0,0
A.Jones,DT,JAX,0,0,0,0,0,0,0,0,0,0,0,0,0,1.0,0,0,0,0,0,0,0,0
J.Myers,,JAX,0,0,0,0,0,0,11,4,15,0,0,0,0,0,0,0,0,0,0,0,0,0
B.Nortman,P,JAX,0,0,0,0,0,0,0,0,0,0,0,0,0,0,0,0,0,0,0,0,12,1408
M.Lee,WR,JAX,0,17,291,0,0,0,0,0,0,0,0,0,0,0,0,0,0,0,0,0,0,0
J.Ramsey,CB,JAX,0,0,0,0,0,0,0,0,0,0,0,2,0,0,0,0,0,0,0,0,0,0
M.Jackson,DT,JAX,0,0,0,0,0,0,0,0,0,0,0,0,0,1.5,0,0,0,0,0,0,0,0
T.Gipson,FS,JAX,0,0,0,0,0,0,0,0,0,0,0,3,0,0,0,0,0,0,0,0,0,0
A.Colvin,CB,JAX,0,0,0,0,0,0,0,0,0,0,0,0,0,0,0,0,0,0,0,0,0,0
M.Jack,OLB,JAX,0,0,0,0,0,0,0,0,0,0,0,0,0,1,0,0,0,0,0,0,0,0
C.Campbell,DE,JAX,0,0,0,0,0,0,0,0,0,0,0,0,1,8.0,0,0,0,0,0,0,0,0
L.McCray,DE,JAX,0,0,0,0,0,0,0,0,0,0,0,0,0,1.5,0,0,0,0,0,0,0,0
B.Church,SS,JAX,0,0,0,0,0,0,0,0,0,0,0,1,0,1,0,0,0,0,0,0,0,0
T.Smith,OLB,JAX,0,0,0,0,0,0,0,0,0,0,0,2,1,1,0,0,0,0,0,0,0,0
S.Day,DT,JAX,0,0,0,0,0,0,0,0,0,0,0,0,0,0,0,0,0,0,0,0,0,0
D.Smoot,DE,JAX,0,0,0,0,0,0,0,0,0,0,0,0,0,0,0,0,0,0,0,0,0,0
E.Ankou,DT,JAX,0,0,0,0,0,0,0,0,0,0,0,0,0,0,0,0,0,0,0,0,0,0
A.Bouye,CB,JAX,0,0,0,0,0,0,0,0,0,0,0,2,0,0,0,0,0,0,0,0,0,0
P.Posluszny,MLB,JAX,0,0,0,0,0,0,0,0,0,0,0,0,0,0,0,0,0,0,0,0,0,0
M.Mariota,QB,TEN,1098,116,0,4,3,0,0,0,0,0,0,0,0,0,0,0,0,0,0,0,0,0
D.Henry,RB,TEN,0,318,24,0,2,0,0,0,0,0,0,0,0,0,0,0,0,0,0,0,0,0
D.Murray,RB,TEN,0,313,86,0,2,0,0,0,0,0,1,0,0,0,0,0,0,0,0,0,0,0
D.Walker,TE,TEN,0,-2,261,0,1,0,0,0,0,0,0,0,0,0,0,0,0,0,0,0,0,0
C.Davis,WR,TEN,0,0,73,0,0,0,0,0,0,0,0,0,0,0,0,0,0,0,0,0,0,0
R.Matthews,WR,TEN,0,-3,353,0,0,1,0,0,0,0,0,0,0,0,0,0,0,0,0,0,0,0
T.Taylor,WR,TEN,0,26,133,0,0,1,0,0,0,0,0,0,0,0,0,0,0,0,0,0,0,0
E.Decker,WR,TEN,0,0,226,0,0,0,0,0,0,0,0,0,0,0,0,0,0,0,0,0,0,0
R.Succop,K,TEN,0,0,0,0,0,0,16,1,14,0,0,0,0,0,0,0,0,0,0,0,0,0
B.Kern,P,TEN,0,0,0,0,0,0,0,0,0,0,0,0,0,0,0,0,0,0,0,0,10,1493
A.Jackson,CB,TEN,0,0,0,0,0,0,0,0,0,0,0,0,1,0,0,0,0,0,0,0,0,0
L.Ryan,CB,TEN,0,0,0,0,0,0,0,0,0,0,0,0,0,0,0,0,0,0,0,0,0,0
B.Orakpo,OLB,TEN,0,0,0,0,0,0,0,0,0,0,0,0,1,1,0,0,0,0,0,0,0,0
A.Johnson,NT,TEN,0,0,0,0,0,0,0,0,0,0,0,0,0,0,0,0,0,0,0,0,0,0
A.Williamson,ILB,TEN,0,0,0,0,0,0,0,0,0,0,0,0,1,0,0,0,0,0,0,0,0,0
T.Smith,CB,TEN,0,0,0,0,0,0,0,0,0,0,0,1,0,0,0,0,0,0,0,0,0,0
J.Cyprien,SS,TEN,0,0,0,0,0,0,0,0,0,0,0,0,0,0,0,0,0,0,0,0,0,0
K.Klug,DE,TEN,0,0,0,0,0,0,0,0,0,0,0,0,0,0,0,0,0,0,0,0,0,0
E.Walden,LB,TEN,0,0,0,0,0,0,0,0,0,0,0,0,0,1,0,0,0,0,0,0,0,0
D.Searcy,SS,TEN,0,0,0,0,0,0,0,0,0,0,0,1,0,0,0,0,0,0,0,0,0,0
B.McCain,CB,TEN,0,0,0,0,0,0,0,0,0,0,0,0,0,0,0,0,0,0,0,0,0,0
K.Byard,FS,TEN,0,0,0,0,0,0,0,0,0,0,0,1,0,0,0,0,0,0,0,0,0,0
D.Jones,DE,TEN,0,0,0,0,0,0,0,0,0,0,0,0,0,0,0,0,0,0,0,0,0,0
D.Morgan,OLB,TEN,0,0,0,0,0,0,0,0,0,0,0,0,0,3,0,0,0,0,0,0,0,0
S.Williams,NT,TEN,0,0,0,0,0,0,0,0,0,0,0,0,0,0,0,0,0,0,0,0,0,0
W.Woodyard,ILB,TEN,0,0,0,0,0,0,0,0,0,0,0,0,0,1,0,0,0,0,0,0,0,0
J.Brown,LB,TEN,0,0,0,0,0,0,0,0,0,0,0,0,0,0,0,0,0,0,0,0,0,0
D.Carr,QB,OAK,924,7,0,8,0,0,0,0,0,0,0,0,0,0,0,0,0,0,0,0,0,0
J.Richard,RB,OAK,0,127,108,0,1,0,0,0,0,0,0,0,0,0,0,0,0,0,0,0,0,0
M.Lynch,RB,OAK,0,257,38,0,2,0,0,0,0,0,0,0,0,0,0,0,0,0,0,0,0,0
D.Washington,RB,OAK,0,20,67,0,0,0,0,0,0,0,0,0,0,0,0,0,0,0,0,0,0,0
C.Patterson,WR,OAK,0,124,53,0,2,0,0,0,0,0,0,0,0,0,0,0,0,0,0,0,0,0
A.Cooper,WR,OAK,0,0,146,0,0,1,0,0,0,0,0,0,0,0,0,0,0,0,0,0,0,0
S.Roberts,WR,OAK,0,0,157,0,0,1,0,0,0,0,1,0,0,0,0,0,0,0,0,0,0,0
M.Crabtree,WR,OAK,0,0,304,0,0,5,0,0,0,0,0,0,0,0,0,0,0,0,0,0,0,0
J.Cook,TE,OAK,0,0,209,0,0,1,0,0,0,0,1,0,0,0,0,0,0,0,0,0,0,0
G.Tavecchio,K,OAK,0,0,0,0,0,0,9,0,13,0,0,0,0,0,0,0,0,0,0,0,0,0
M.King,P,OAK,0,-3,0,0,0,0,0,0,0,0,0,0,0,0,0,0,0,0,0,0,13,1422
T.Carrie,CB,OAK,0,0,0,0,0,0,0,0,0,0,0,0,0,0,0,0,0,0,0,0,0,0
R.Nelson,FS,OAK,0,0,0,0,0,0,0,0,0,0,0,0,0,0,0,0,0,0,0,0,0,0
C.James,OLB,OAK,0,0,0,0,0,0,0,0,0,0,0,0,1,0,0,0,0,0,0,0,0,0
D.Amerson,CB,OAK,0,0,0,0,0,0,0,0,0,0,0,0,0,0,0,0,0,0,0,0,0,0
B.Irvin,OLB,OAK,0,0,0,0,0,0,0,0,0,0,0,0,0,2,0,0,0,0,0,0,0,0
D.Autry,DE,OAK,0,0,0,0,0,0,0,0,0,0,0,0,0,0.5,0,0,0,0,0,0,0,0
E.Vanderdoes,DT,OAK,0,0,0,0,0,0,0,0,0,0,0,0,0,0,0,0,0,0,0,0,0,0
N.Morrow,LB,OAK,0,0,0,0,0,0,0,0,0,0,0,0,0,0,0,0,0,0,0,0,0,0
J.Ellis,DT,OAK,0,0,0,0,0,0,0,0,0,0,0,0,0,0.5,0,0,0,0,0,0,0,0
M.Edwards,DE,OAK,0,0,0,0,0,0,0,0,0,0,0,0,0,3.0,0,0,0,0,0,0,0,0
K.Joseph,SS,OAK,0,0,0,0,0,0,0,0,0,0,0,0,1,1,0,0,0,0,0,0,0,0
K.Mack,DE,OAK,0,0,0,0,0,0,0,0,0,0,0,0,0,4,0,0,0,0,0,0,0,0
T.Adams,DEF,OAK,0,0,0,0,0,0,0,0,0,0,0,0,0,0,0,0,0,0,0,0,0,0
S.Smith,CB,OAK,0,0,0,0,0,0,0,0,0,0,0,0,0,0,0,0,0,0,0,0,0,0
D.McDonald,CB,OAK,0,0,0,0,0,0,0,0,0,0,0,0,1,0,0,0,0,0,0,0,0,0
M.Lee,MLB,OAK,0,0,0,0,0,0,0,0,0,0,0,0,0,0,0,0,0,0,0,0,0,0
K.Cousins,QB,WAS,1334,103,0,9,1,0,0,0,0,0,2,0,0,0,0,0,0,0,0,0,0,0
C.Thompson,RB,WAS,0,175,340,0,2,2,0,0,0,0,1,0,0,0,0,0,0,0,0,0,0,0
R.Kelley,RB,WAS,0,131,0,0,0,0,0,0,0,0,0,0,0,0,0,0,0,0,0,0,0,0
R.Grant,WR,WAS,0,0,158,0,0,2,0,0,0,0,0,0,0,0,0,0,0,0,0,0,0,0
T.Pryor,WR,WAS,0,0,209,0,0,1,0,0,0,0,0,0,0,0,0,0,0,0,0,0,0,0
J.Crowder,WR,WAS,0,11,121,0,0,0,0,0,0,0,2,0,0,0,0,0,0,0,0,0,0,0
B.Quick,WR,WAS,0,0,11,0,0,0,0,0,0,0,0,0,0,0,0,0,0,0,0,0,0,0
J.Reed,TE,WAS,0,0,142,0,0,0,0,0,0,0,0,0,0,0,0,0,0,0,0,0,0,0
M.Foster,ILB,WAS,0,0,0,0,0,0,0,0,0,0,0,1,0,0,0,0,0,0,0,0,0,0
D.Hopkins,K,WAS,0,0,0,0,0,0,9,2,12,0,0,0,0,0,0,0,0,0,0,0,0,0
T.Way,P,WAS,0,0,0,0,0,0,0,0,0,0,0,0,0,0,0,0,0,0,0,0,10,937
B.Breeland,CB,WAS,0,0,0,0,0,0,0,0,0,0,0,0,0,0,0,0,0,0,0,0,0,0
S.McGee,DE,WAS,0,0,0,0,0,0,0,0,0,0,0,0,0,0,0,0,0,0,0,0,0,0
J.Norman,CB,WAS,0,0,0,0,0,0,0,0,0,0,0,0,2,0,0,0,0,0,0,0,0,0
T.McClain,DT,WAS,0,0,0,0,0,0,0,0,0,0,0,0,0,1,0,0,0,0,0,0,0,0
K.Fuller,CB,WAS,0,0,0,0,0,0,0,0,0,0,0,2,1,0,0,0,0,0,0,0,0,0
Z.Brown,ILB,WAS,0,0,0,0,0,0,0,0,0,0,0,0,0,0,0,0,0,0,0,0,0,0
M.Ioannidis,DT,WAS,0,0,0,0,0,0,0,0,0,0,0,0,0,3.5,0,0,0,0,0,0,0,0
R.Kerrigan,OLB,WAS,0,0,0,0,0,0,0,0,0,0,0,1,1,3.5,0,0,0,0,0,0,0,0
D.Swearinger,FS,WAS,0,0,0,0,0,0,0,0,0,0,0,0,0,1,0,0,0,0,0,0,0,0
P.Smith,OLB,WAS,0,0,0,0,0,0,0,0,0,0,0,0,0,4.5,0,0,0,0,0,0,0,0
D.Everett,SS,WAS,0,0,0,0,0,0,0,0,0,0,0,0,0,0,0,0,0,0,0,0,0,0
J.Allen,DE,WAS,0,0,0,0,0,0,0,0,0,0,0,0,0,1,0,0,0,0,0,0,0,0
C.Wentz,QB,PHI,1584,133,0,13,0,0,0,0,0,0,2,0,0,0,0,0,0,0,0,0,0,0
D.Sproles,RB,PHI,0,61,73,0,0,0,0,0,0,0,1,0,0,0,0,0,0,0,0,0,0,0
L.Blount,RB,PHI,0,390,21,0,1,1,0,0,0,0,0,0,0,0,0,0,0,0,0,0,0,0
W.Smallwood,RB,PHI,0,113,56,0,1,0,0,0,0,0,0,0,0,0,0,0,0,0,0,0,0,0
B.Celek,TE,PHI,0,0,16,0,0,0,0,0,0,0,0,0,0,0,0,0,0,0,0,0,0,0
A.Jeffery,WR,PHI,0,0,317,0,0,2,0,0,0,0,0,0,0,0,0,0,0,0,0,0,0,0
Z.Ertz,TE,PHI,0,0,405,0,0,4,0,0,0,0,1,0,0,0,0,0,0,0,0,0,0,0
N.Agholor,WR,PHI,0,0,321,0,0,4,0,0,0,0,0,0,0,0,0,0,0,0,0,0,0,0
T.Smith,WR,PHI,0,-3,210,0,0,1,0,0,0,0,0,0,0,0,0,0,0,0,0,0,0,0
F.Cox,DT,PHI,0,0,0,0,0,0,0,0,0,0,0,0,1,2.5,0,0,0,0,0,0,0,0
J.Hicks,MLB,PHI,0,0,0,0,0,0,0,0,0,0,0,0,0,0,0,0,0,0,0,0,0,0
T.Burton,TE,PHI,0,0,42,0,0,1,0,0,0,0,0,0,0,0,0,0,0,0,0,0,0,0
C.Sturgis,K,PHI,0,0,0,0,0,0,3,0,1,0,0,0,0,0,0,0,0,0,0,0,0,0
D.Jones,P,PHI,0,0,0,0,0,0,0,0,0,0,0,0,0,0,0,0,0,0,0,0,6,1050
D.Vaeao,DT,PHI,0,0,0,0,0,0,0,0,0,0,0,0,0,0,0,0,0,0,0,0,0,0
J.Mills,CB,PHI,0,0,0,0,0,0,0,0,0,0,0,2,0,0,0,0,0,0,0,0,0,0
C.Long,DE,PHI,0,0,0,0,0,0,0,0,0,0,0,0,1,2,0,0,0,0,0,0,0,0
C.Graham,DB,PHI,0,0,0,0,0,0,0,0,0,0,0,0,0,0,0,0,0,0,0,0,0,0
T.Jernigan,DT,PHI,0,0,0,0,0,0,0,0,0,0,0,0,0,1.5,0,0,0,0,0,0,0,0
J.Watkins,CB,PHI,0,0,0,0,0,0,0,0,0,0,0,0,0,0,0,0,0,0,0,0,0,0
M.Jenkins,SS,PHI,0,0,0,0,0,0,0,0,0,0,0,0,0,0,0,0,0,0,0,0,0,0
R.McLeod,FS,PHI,0,0,0,0,0,0,0,0,0,0,0,0,1,0,0,0,0,0,0,0,0,0
N.Bradham,OLB,PHI,0,0,0,0,0,0,0,0,0,0,0,0,0,0,0,0,0,0,0,0,0,0
V.Curry,DE,PHI,0,0,0,0,0,0,0,0,0,0,0,0,0,1,0,0,0,0,0,0,0,0
P.Robinson,DB,PHI,0,0,0,0,0,0,0,0,0,0,0,2,0,0,0,0,0,0,0,0,0,0
R.Darby,CB,PHI,0,0,0,0,0,0,0,0,0,0,0,0,0,0,0,0,0,0,0,0,0,0
D.Barnett,DE,PHI,0,0,0,0,0,0,0,0,0,0,0,0,0,0.5,0,0,0,0,0,0,0,0
M.Kendricks,OLB,PHI,0,0,0,0,0,0,0,0,0,0,0,0,0,1,0,0,0,0,0,0,0,0
B.Graham,DE,PHI,0,0,0,0,0,0,0,0,0,0,0,0,1,4.0,0,0,0,0,0,0,0,0
J.Goff,QB,LA,1489,32,0,8,0,0,0,0,0,0,1,0,0,0,0,0,0,0,0,0,0,0
S.Mannion,QB,LA,12,-7,0,0,0,0,0,0,0,0,0,0,0,0,0,0,0,0,0,0,0,0
T.Austin,WR,LA,0,103,24,0,1,0,0,0,0,0,3,0,0,0,0,0,0,0,0,0,0,0
M.Brown,RB,LA,0,33,39,0,1,0,0,0,0,0,0,0,0,0,0,0,0,0,0,0,0,0
T.Gurley,RB,LA,0,521,245,0,4,3,0,0,0,0,2,0,0,0,0,0,0,0,0,0,0,0
J.Davis,RB,LA,0,1,0,0,0,0,0,0,0,0,0,0,0,0,0,0,0,0,0,0,0,0
D.Carrier,TE,LA,0,0,38,0,0,0,0,0,0,0,0,0,0,0,0,0,0,0,0,0,0,0
S.Watkins,WR,LA,0,0,222,0,0,2,0,0,0,0,0,0,0,0,0,0,0,0,0,0,0,0
G.Everett,TE,LA,0,0,154,0,0,1,0,0,0,0,0,0,0,0,0,0,0,0,0,0,0,0
R.Woods,WR,LA,0,8,322,0,0,0,0,0,0,0,1,0,0,0,0,0,0,0,0,0,0,0
T.Higbee,TE,LA,0,0,166,0,0,0,0,0,0,0,0,0,0,0,0,0,0,0,0,0,0,0
C.Kupp,WR,LA,0,0,265,0,0,2,0,0,0,0,0,0,0,0,0,0,0,0,0,0,0,0
T.Johnson,CB,LA,0,0,0,0,0,0,0,0,0,0,0,1,1,0,0,0,0,0,0,0,0,0
G.Zuerlein,K,LA,0,0,0,0,0,0,17,1,18,0,0,0,0,0,0,0,0,0,0,0,0,0
J.Hekker,P,LA,28,0,0,0,0,0,0,0,0,0,0,0,0,0,0,0,0,0,0,0,12,1079
P.Cooper,WR,LA,0,0,26,0,0,0,0,0,0,0,1,0,0,0,0,0,0,1,0,0,0,0
K.Webster,CB,LA,0,0,0,0,0,0,0,0,0,0,0,0,0,0,0,0,0,0,0,0,0,0
B.Countess,CB,LA,0,0,0,0,0,0,0,0,0,0,0,0,0,0,0,0,0,0,0,0,0,0
A.Ogletree,ILB,LA,0,0,0,0,0,0,0,0,0,0,0,0,0,2,0,0,0,0,0,0,0,0
L.Joyner,FS,LA,0,0,0,0,0,0,0,0,0,0,0,1,0,0,0,0,0,0,0,0,0,0
T.Walker,DE,LA,0,0,0,0,0,0,0,0,0,0,0,0,1,1,0,0,0,0,0,0,0,0
N.Robey,CB,LA,0,0,0,0,0,0,0,0,0,0,0,2,1,0,0,0,0,0,0,0,0,0
C.Barwin,OLB,LA,0,0,0,0,0,0,0,0,0,0,0,0,0,3,0,0,0,0,0,0,0,0
J.Johnson,SS,LA,0,0,0,0,0,0,0,0,0,0,0,1,0,0,0,0,0,0,0,0,0,0
S.Ebukam,LB,LA,0,0,0,0,0,0,0,0,0,0,0,0,0,0,0,0,0,0,0,0,0,0
R.Quinn,OLB,LA,0,0,0,0,0,0,0,0,0,0,0,0,0,2.5,0,0,0,0,0,0,0,0
M.Barron,ILB,LA,0,0,0,0,0,0,0,0,0,0,0,1,0,1,0,0,0,0,0,0,0,0
M.Alexander,,LA,0,0,0,0,0,0,0,0,0,0,0,0,0,0,0,0,0,0,0,0,0,0
D.Hatfield,DB,LA,0,0,0,0,0,0,0,0,0,0,0,0,0,0,0,0,0,0,0,0,0,0
M.Longacre,LB,LA,0,0,0,0,0,0,0,0,0,0,0,0,0,3,0,0,0,0,0,0,0,0
E.Westbrooks,DE,LA,0,0,0,0,0,0,0,0,0,0,0,0,0,1,0,0,0,0,0,0,0,0
M.Fox,DE,LA,0,0,0,0,0,0,0,0,0,0,0,0,1,2.5,0,0,0,0,0,0,0,0
T.Smart,DE,LA,0,0,0,0,0,0,0,0,0,0,0,0,0,0,0,0,0,0,0,0,0,0
C.Littleton,MLB,LA,0,0,0,0,0,0,0,0,0,0,0,0,1,0,0,0,0,0,0,0,0,0
B.Hager,ILB,LA,0,0,0,0,0,0,0,0,0,0,0,0,0,0,0,0,0,0,0,0,0,0
M.Brockers,NT,LA,0,0,0,0,0,0,0,0,0,0,0,0,0,2,0,0,0,0,0,0,0,0
J.Brissett,QB,IND,1209,98,0,3,3,0,0,0,0,0,1,0,0,0,0,0,0,0,0,0,0,0
S.Tolzien,QB,IND,128,2,0,0,0,0,0,0,0,0,0,0,0,0,0,0,0,0,0,0,0,0
M.Mack,RB,IND,0,130,34,0,2,0,0,0,0,0,0,0,0,0,0,0,0,0,0,0,0,0
F.Gore,RB,IND,0,288,100,0,2,0,0,0,0,0,0,0,0,0,0,0,0,0,0,0,0,0
R.Turbin,RB,IND,0,53,56,0,1,0,0,0,0,0,0,0,0,0,0,0,0,0,0,0,0,0
M.Hazel,,IND,0,0,1,0,0,0,0,0,0,0,0,0,0,0,0,0,0,0,0,0,0,0
J.Doyle,TE,IND,0,0,213,0,0,1,0,0,0,0,2,0,0,0,0,0,0,0,0,0,0,0
T.Hilton,WR,IND,0,0,485,0,0,1,0,0,0,0,1,0,0,0,0,0,0,0,0,0,0,0
D.Moncrief,WR,IND,0,0,241,0,0,1,0,0,0,0,0,0,0,0,0,0,0,0,0,0,0,0
K.Aiken,WR,IND,0,0,90,0,0,0,0,0,0,0,0,0,0,0,0,0,0,0,0,0,0,0
J.George,ILB,IND,0,0,0,0,0,0,0,0,0,0,0,0,0,0.5,0,0,0,0,0,0,0,0
A.Vinatieri,K,IND,0,0,0,0,0,0,12,1,9,0,0,0,0,0,0,0,0,0,0,0,0,0
R.Sanchez,P,IND,0,0,0,0,0,0,0,0,0,0,0,0,0,0,0,0,0,0,0,0,13,1526
Q.Bray,WR,IND,0,0,22,0,0,0,0,0,0,0,0,0,0,0,0,0,0,0,0,0,0,0
N.Hairston,CB,IND,0,0,0,0,0,0,0,0,0,0,0,0,0,2,0,0,0,0,0,0,0,0
H.Anderson,DE,IND,0,0,0,0,0,0,0,0,0,0,0,0,0,0,0,0,0,0,0,0,0,0
J.Sheard,OLB,IND,0,0,0,0,0,0,0,0,0,0,0,0,0,2.5,0,0,0,0,0,0,0,0
J.Bostic,ILB,IND,0,0,0,0,0,0,0,0,0,0,0,0,0,0,0,0,0,0,0,0,0,0
A.Morrison,ILB,IND,0,0,0,0,0,0,0,0,0,0,0,0,0,0,0,0,0,0,0,0,0,0
A.Woods,NT,IND,0,0,0,0,0,0,0,0,0,0,0,0,0,1,0,0,0,0,0,0,0,0
M.Farley,SS,IND,0,0,0,0,0,0,0,0,0,0,0,1,0,0,0,0,0,0,0,0,0,0
D.Butler,FS,IND,0,0,0,0,0,0,0,0,0,0,0,0,1,0,0,0,0,0,0,0,0,0
T.Green,CB,IND,0,0,0,0,0,0,0,0,0,0,0,0,0,0,0,0,0,0,0,0,0,0
R.Melvin,CB,IND,0,0,0,0,0,0,0,0,0,0,0,2,0,0,0,0,0,0,0,0,0,0
Q.Wilson,CB,IND,0,0,0,0,0,0,0,0,0,0,0,0,0,0,0,0,0,0,0,0,0,0
M.Hunt,DE,IND,0,0,0,0,0,0,0,0,0,0,0,0,0,1,0,0,0,0,0,0,0,0
B.Mingo,LB,IND,0,0,0,0,0,0,0,0,0,0,0,0,0,0,0,0,0,0,0,0,0,0
J.Hankins,DE,IND,0,0,0,0,0,0,0,0,0,0,0,0,0,1,0,0,0,0,0,0,0,0
J.Simon,OLB,IND,0,0,0,0,0,0,0,0,0,0,0,1,0,3,0,0,0,0,0,0,0,0
M.Hooker,FS,IND,0,0,0,0,0,0,0,0,0,0,0,3,0,0,0,0,0,0,0,0,0,0
A.Rodgers,QB,GB,1385,83,0,13,0,0,0,0,0,0,1,0,0,0,0,0,0,0,0,0,0,0
T.Montgomery,RB,GB,0,180,132,0,2,1,0,0,0,0,0,0,0,0,0,0,0,0,0,0,0,0
J.Williams,RB,GB,0,33,7,0,0,0,0,0,0,0,0,0,0,0,0,0,0,0,0,0,0,0
M.Bennett,TE,GB,0,0,216,0,0,0,0,0,0,0,0,0,0,0,0,0,0,0,0,0,0,0
D.Adams,WR,GB,0,0,339,0,0,5,0,0,0,0,0,0,0,0,0,0,0,0,0,0,0,0
L.Kendricks,TE,GB,0,0,94,0,0,1,0,0,0,0,0,0,0,0,0,0,0,0,0,0,0,0
J.Nelson,WR,GB,0,0,290,0,0,6,0,0,0,0,0,0,0,0,0,0,0,0,0,0,0,0
R.Cobb,WR,GB,0,10,246,0,0,1,0,0,0,0,0,0,0,0,0,0,0,0,0,0,0,0
K.Fackrell,OLB,GB,0,0,0,0,0,0,0,0,0,0,0,0,0,0,0,0,0,0,0,0,0,0
C.Linsley,C,GB,0,0,0,0,0,0,0,0,0,0,0,0,0,0,0,0,0,0,0,0,0,0
M.Crosby,K,GB,0,0,0,0,0,0,6,0,15,0,0,0,0,0,0,0,0,0,0,0,0,0
J.Vogel,P,GB,0,0,0,0,0,0,0,0,0,0,0,0,0,0,0,0,0,0,0,0,10,1232
T.Davis,WR,GB,0,0,9,0,0,0,0,0,0,0,0,0,0,0,0,0,0,0,0,0,0,0
D.House,CB,GB,0,0,0,0,0,0,0,0,0,0,0,0,0,0,0,0,0,0,0,0,0,0
B.Martinez,ILB,GB,0,0,0,0,0,0,0,0,0,0,0,0,0,1,0,0,0,0,0,0,0,0
A.Brooks,OLB,GB,0,0,0,0,0,0,0,0,0,0,0,0,0,1,0,0,0,0,0,0,0,0
C.Matthews,OLB,GB,0,0,0,0,0,0,0,0,0,0,0,0,1,2.5,0,0,0,0,0,0,0,0
N.Perry,OLB,GB,0,0,0,0,0,0,0,0,0,0,1,0,1,2.5,0,0,0,0,0,0,0,0
K.Clark,NT,GB,0,0,0,0,0,0,0,0,0,0,0,0,1,0,0,0,0,0,0,0,0,0
M.Burnett,SS,GB,0,0,0,0,0,0,0,0,0,0,0,0,0,0,0,0,0,0,0,0,0,0
D.Randall,CB,GB,0,0,0,0,0,0,0,0,0,0,0,2,0,0,0,0,0,0,0,0,0,0
Q.Rollins,CB,GB,0,0,0,0,0,0,0,0,0,0,0,0,0,0,0,0,0,0,0,0,0,0
J.Ryan,ILB,GB,0,0,0,0,0,0,0,0,0,0,0,0,0,0,0,0,0,0,0,0,0,0
K.Brice,DB,GB,0,0,0,0,0,0,0,0,0,0,0,1,0,0,0,0,0,0,0,0,0,0
H.Clinton-Dix,FS,GB,0,0,0,0,0,0,0,0,0,0,0,1,0,0,0,0,0,0,0,0,0,0
M.Daniels,DE,GB,0,0,0,0,0,0,0,0,0,0,0,0,1,1.5,0,0,0,0,0,0,0,0
R.Wilson,QB,SEA,1222,154,0,8,1,0,0,0,0,0,1,0,0,0,0,0,0,0,0,0,0,0
E.Lacy,RB,SEA,0,74,9,0,0,0,0,0,0,0,0,0,0,0,0,0,0,0,0,0,0,0
C.Carson,RB,SEA,0,208,59,0,0,1,0,0,0,0,0,0,0,0,0,0,0,0,0,0,0,0
D.Baldwin,WR,SEA,0,-3,284,0,0,1,0,0,0,0,0,0,0,0,0,0,0,0,0,0,0,0
C.Prosise,RB,SEA,0,20,87,0,0,0,0,0,0,0,0,0,0,0,0,0,0,0,0,0,0,0
N.Vannett,TE,SEA,0,0,13,0,0,0,0,0,0,0,0,0,0,0,0,0,0,0,0,0,0,0
P.Richardson,WR,SEA,0,0,208,0,0,2,0,0,0,0,0,0,0,0,0,0,0,0,0,0,0,0
T.Lockett,WR,SEA,0,31,195,0,0,0,0,0,0,0,0,0,0,0,0,0,0,0,0,0,0,0
J.Graham,TE,SEA,0,0,179,0,0,1,0,0,0,0,0,0,0,0,0,0,0,0,0,0,0,0
B.Walsh,K,SEA,0,0,0,0,0,0,9,1,9,0,0,0,0,0,0,0,0,0,0,0,0,0
J.Ryan,P,SEA,0,0,0,0,0,0,0,0,0,0,0,0,0,0,0,0,0,0,0,0,10,1244
K.Wright,OLB,SEA,0,0,0,0,0,0,0,0,0,0,0,0,0,0,0,0,0,0,0,0,0,0
R.Sherman,CB,SEA,0,0,0,0,0,0,0,0,0,0,0,0,0,0,0,0,0,0,0,0,0,0
N.Jones,DT,SEA,0,0,0,0,0,0,0,0,0,0,0,1,0,0.5,0,0,0,0,0,0,0,0
M.Bennett,DE,SEA,0,0,0,0,0,0,0,0,0,0,0,0,0,4.0,0,0,0,0,0,0,0,0
T.Garvin,OLB,SEA,0,0,0,0,0,0,0,0,0,0,0,0,0,1,0,0,0,0,0,0,0,0
K.Chancellor,SS,SEA,0,0,0,0,0,0,0,0,0,0,0,0,0,0,0,0,0,0,0,0,0,0
M.Smith,DE,SEA,0,0,0,0,0,0,0,0,0,0,0,0,1,1.5,0,0,0,0,0,0,0,0
S.Griffin,DB,SEA,0,0,0,0,0,0,0,0,0,0,0,0,0,0,0,0,0,0,0,0,0,0
C.Avril,DE,SEA,0,0,0,0,0,0,0,0,0,0,0,0,0,1,0,0,0,0,0,0,0,0
D.Bass,OLB,SEA,0,0,0,0,0,0,0,0,0,0,0,0,0,2,0,0,0,0,0,0,0,0
E.Thomas,FS,SEA,0,0,0,0,0,0,0,0,0,0,0,1,1,0,0,0,0,0,0,0,0,0
B.Wagner,MLB,SEA,0,0,0,0,0,0,0,0,0,0,0,1,0,0.5,0,0,0,0,0,0,0,0
F.Clark,DE,SEA,0,0,0,0,0,0,0,0,0,0,0,0,1,2.5,0,0,0,0,0,0,0,0
J.Reed,DT,SEA,0,0,0,0,0,0,0,0,0,0,0,0,0,0,0,0,0,0,0,0,0,0
S.Richardson,DT,SEA,0,0,0,0,0,0,0,0,0,0,0,1,0,0,0,0,0,0,0,0,0,0
J.Lane,CB,SEA,0,0,0,0,0,0,0,0,0,0,0,0,0,0,0,0,0,0,0,0,0,0
J.Coleman,CB,SEA,0,0,0,0,0,0,0,0,0,0,0,1,0,0,0,0,0,0,0,0,0,0
B.Hoyer,QB,SF,1245,7,0,4,1,0,0,0,0,0,1,0,0,0,0,0,0,0,0,0,0,0
M.Breida,RB,SF,0,141,64,0,0,0,0,0,0,0,0,0,0,0,0,0,0,0,0,0,0,0
C.Hyde,RB,SF,0,360,142,0,4,0,0,0,0,0,0,0,0,0,0,0,0,0,0,0,0,0
K.Juszczyk,FB,SF,0,11,80,0,0,1,0,0,0,0,0,0,0,0,0,0,0,0,0,0,0,0
P.Garcon,WR,SF,0,0,434,0,0,0,0,0,0,0,0,0,0,0,0,0,0,0,0,0,0,0
M.Goodwin,WR,SF,0,6,269,0,0,0,0,0,0,0,0,0,0,0,0,0,0,0,0,0,0,0
G.Kittle,TE,SF,0,0,212,0,0,1,0,0,0,0,0,0,0,0,0,0,0,0,0,0,0,0
T.Taylor,WR,SF,0,0,110,0,0,1,0,0,0,0,0,0,0,0,0,0,0,0,0,0,0,0
A.Robinson,WR,SF,0,0,153,0,0,1,0,0,0,0,0,0,0,0,0,0,0,0,0,0,0,0
R.Robinson,CB,SF,0,0,0,0,0,0,0,0,0,0,0,1,1,0,0,0,0,0,0,0,0,0
R.Gould,K,SF,0,0,0,0,0,0,15,1,8,0,0,0,0,0,0,0,0,0,0,0,0,0
B.Pinion,P,SF,0,0,0,0,0,0,0,0,0,0,0,0,0,0,0,0,0,0,0,0,15,1432
E.Mitchell,DT,SF,0,0,0,0,0,0,0,0,0,0,0,0,0,0,0,0,0,0,0,0,0,0
T.Carradine,DE,SF,0,0,0,0,0,0,0,0,0,0,0,0,0,1,0,0,0,0,0,0,0,0
R.Armstrong,OLB,SF,0,0,0,0,0,0,0,0,0,0,0,2,1,1,0,0,0,0,0,0,0,0
D.Johnson,CB,SF,0,0,0,0,0,0,0,0,0,0,0,0,0,0,0,0,0,0,0,0,0,0
K.Williams,DB,SF,0,0,0,0,0,0,0,0,0,0,0,0,2,0,0,0,0,0,0,0,0,0
R.Foster,OLB,SF,0,0,0,0,0,0,0,0,0,0,0,0,0,0,0,0,0,0,0,0,0,0
A.Armstead,DE,SF,0,0,0,0,0,0,0,0,0,0,0,0,0,1.5,0,0,0,0,0,0,0,0
J.Tartt,FS,SF,0,0,0,0,0,0,0,0,0,0,0,1,0,0.5,0,0,0,0,0,0,0,0
E.Harold,OLB,SF,0,0,0,0,0,0,0,0,0,0,0,0,0,1,0,0,0,0,0,0,0,0
D.Jones,DT,SF,0,0,0,0,0,0,0,0,0,0,0,0,0,0,0,0,0,0,0,0,0,0
S.Thomas,DE,SF,0,0,0,0,0,0,0,0,0,0,0,0,0,2,0,0,0,0,0,0,0,0
X.Cooper,,SF,0,0,0,0,0,0,0,0,0,0,0,0,0,0.5,0,0,0,0,0,0,0,0
D.Watson,LB,SF,0,0,0,0,0,0,0,0,0,0,0,0,0,0,0,0,0,0,0,0,0,0
N.Bowman,MLB,SF,0,0,0,0,0,0,0,0,0,0,0,0,0,0,0,0,0,0,0,0,0,0
D.Buckner,DT,SF,0,0,0,0,0,0,0,0,0,0,0,0,1,1.5,0,0,0,0,0,0,0,0
E.Reid,SS,SF,0,0,0,0,0,0,0,0,0,0,0,0,0,0,0,0,0,0,0,0,0,0
C.Newton,QB,CAR,1476,161,0,9,3,0,0,0,0,0,0,0,0,0,0,0,0,0,0,0,0,0
J.Stewart,RB,CAR,0,247,44,0,0,1,0,0,0,0,1,0,0,0,0,0,0,0,0,0,0,0
C.McCaffrey,RB,CAR,0,104,293,0,0,2,0,0,0,0,1,0,0,0,0,0,0,0,0,0,0,0
F.Whittaker,RB,CAR,0,10,34,0,0,1,0,0,0,0,0,0,0,0,0,0,0,0,0,0,0,0
K.Benjamin,WR,CAR,0,0,371,0,0,1,0,0,0,0,0,0,0,0,0,0,0,0,0,0,0,0
R.Shepard,WR,CAR,0,0,99,0,0,1,0,0,0,0,0,0,0,0,0,0,0,0,0,0,0,0
D.Funchess,WR,CAR,0,0,305,0,0,3,0,0,0,0,0,0,0,0,0,0,0,0,0,0,0,0
G.Olsen,TE,CAR,0,0,28,0,0,0,0,0,0,0,0,0,0,0,0,0,0,0,0,0,0,0
S.Lotulelei,DT,CAR,0,0,0,0,0,0,0,0,0,0,0,0,0,0.5,0,0,0,0,0,0,0,0
G.Gano,K,CAR,0,0,0,0,0,0,15,1,11,0,0,0,0,0,0,0,0,0,0,0,0,0
M.Palardy,P,CAR,0,0,0,0,0,0,0,0,0,0,0,0,0,0,0,0,0,0,0,0,6,938
K.Love,DE,CAR,0,0,0,0,0,0,0,0,0,0,0,0,0,0,0,0,0,0,0,0,0,0
M.Adams,SS,CAR,0,0,0,0,0,0,0,0,0,0,0,0,0,0,0,0,0,0,0,0,0,0
T.Davis,OLB,CAR,0,0,0,0,0,0,0,0,0,0,0,0,0,2,0,0,0,0,0,0,0,0
W.Horton,DE,CAR,0,0,0,0,0,0,0,0,0,0,0,0,1,1,0,0,0,0,0,0,0,0
M.Addison,DE,CAR,0,0,0,0,0,0,0,0,0,0,0,0,1,3,0,0,0,0,0,0,0,0
K.Coleman,FS,CAR,0,0,0,0,0,0,0,0,0,0,0,0,0,0,0,0,0,0,0,0,0,0
L.Kuechly,MLB,CAR,0,0,0,0,0,0,0,0,0,0,0,1,1,0,0,0,0,0,0,0,0,0
K.Short,DT,CAR,0,0,0,0,0,0,0,0,0,0,0,0,1,3,0,0,0,0,0,0,0,0
S.Thompson,OLB,CAR,0,0,0,0,0,0,0,0,0,0,0,0,0,2,0,0,0,0,0,0,0,0
J.Peppers,DE,CAR,0,0,0,0,0,0,0,0,0,0,0,0,1,6.5,0,0,0,0,0,0,0,0
D.Worley,CB,CAR,0,0,0,0,0,0,0,0,0,0,0,0,0,0,0,0,0,0,0,0,0,0
J.Bradberry,CB,CAR,0,0,0,0,0,0,0,0,0,0,0,0,0,1,0,0,0,0,0,0,0,0
D.Prescott,QB,DAL,1192,126,0,11,2,0,0,0,0,0,0,0,0,0,0,0,0,0,0,0,0,0
A.Morris,RB,DAL,0,87,0,0,0,0,0,0,0,0,0,0,0,0,0,0,0,0,0,0,0,0
E.Elliott,RB,DAL,0,393,134,0,2,1,0,0,0,0,0,0,0,0,0,0,0,0,0,0,0,0
B.Butler,WR,DAL,0,0,207,0,0,2,0,0,0,0,0,0,0,0,0,0,0,0,0,0,0,0
C.Beasley,WR,DAL,0,0,109,0,0,2,0,0,0,0,0,0,0,0,0,0,0,0,0,0,0,0
J.Witten,TE,DAL,0,0,229,0,0,2,0,0,0,0,1,0,0,0,0,0,0,0,0,0,0,0
D.Bryant,WR,DAL,0,0,264,0,0,3,0,0,0,0,0,0,0,0,0,0,0,0,0,0,0,0
T.Williams,WR,DAL,0,0,180,0,0,0,0,0,0,0,0,0,0,0,0,0,0,0,0,0,0,0
D.Bailey,K,DAL,0,0,0,0,0,0,7,0,14,0,0,0,0,0,0,0,0,0,0,0,0,0
C.Jones,P,DAL,0,0,0,0,0,0,0,0,0,0,0,0,0,0,0,0,0,0,0,0,12,878
R.Switzer,WR,DAL,0,6,0,0,0,0,0,0,0,0,1,0,0,0,0,0,0,0,0,0,0,0
J.Durant,OLB,DAL,0,0,0,0,0,0,0,0,0,0,0,0,0,0,0,0,0,0,0,0,0,0
T.Crawford,DE,DAL,0,0,0,0,0,0,0,0,0,0,0,0,0,2,0,0,0,0,0,0,0,0
J.Smith,OLB,DAL,0,0,0,0,0,0,0,0,0,0,0,0,1,0,0,0,0,0,0,0,0,0
J.Heath,SS,DAL,0,0,0,0,0,0,0,0,0,0,0,0,0,0,0,0,0,0,0,0,0,0
C.Tapper,DE,DAL,0,0,0,0,0,0,0,0,0,0,0,0,0,1,0,0,0,0,0,0,0,0
O.Scandrick,CB,DAL,0,0,0,0,0,0,0,0,0,0,0,0,0,0,0,0,0,0,0,0,0,0
A.Brown,CB,DAL,0,0,0,0,0,0,0,0,0,0,0,1,0,0,0,0,0,0,0,0,0,0
D.Lawrence,DE,DAL,0,0,0,0,0,0,0,0,0,0,0,0,2,9,0,0,0,0,0,0,0,0
S.Paea,DT,DAL,0,0,0,0,0,0,0,0,0,0,0,0,0,0,0,0,0,0,0,0,0,0
K.Frazier,SS,DAL,0,0,0,0,0,0,0,0,0,0,0,0,0,0,0,0,0,0,0,0,0,0
S.Lee,MLB,DAL,0,0,0,0,0,0,0,0,0,0,0,0,0,0,0,0,0,0,0,0,0,0
M.Collins,DT,DAL,0,0,0,0,0,0,0,0,0,0,0,0,0,2,0,0,0,0,0,0,0,0
B.Jones,FS,DAL,0,0,0,0,0,0,0,0,0,0,0,0,0,0,0,0,0,0,0,0,0,0
D.Wilson,OLB,DAL,0,0,0,0,0,0,0,0,0,0,0,0,0,0,0,0,0,0,0,0,0,0
N.Carroll,,DAL,0,0,0,0,0,0,0,0,0,0,0,0,0,0,0,0,0,0,0,0,0,0
C.Awuzie,CB,DAL,0,0,0,0,0,0,0,0,0,0,0,0,0,0,0,0,0,0,0,0,0,0
E.Manning,QB,NYG,1466,21,0,9,1,0,0,0,0,0,1,0,0,0,0,0,0,0,0,0,0,0
O.Darkwa,RB,NYG,0,239,29,0,1,0,0,0,0,0,0,0,0,0,0,0,0,0,0,0,0,0
P.Perkins,RB,NYG,0,61,35,0,0,0,0,0,0,0,0,0,0,0,0,0,0,0,0,0,0,0
S.Shepard,WR,NYG,0,13,263,0,0,1,0,0,0,0,0,0,0,0,0,0,0,0,0,0,0,0
R.Ellison,TE,NYG,0,0,50,0,0,1,0,0,0,0,0,0,0,0,0,0,0,0,0,0,0,0
R.Lewis,WR,NYG,0,0,117,0,0,1,0,0,0,0,0,0,0,0,0,0,0,0,0,0,0,0
E.Engram,TE,NYG,0,0,282,0,0,2,0,0,0,0,0,0,0,0,0,0,0,0,0,0,0,0
S.Vereen,RB,NYG,0,69,134,0,0,0,0,0,0,0,0,0,0,0,0,0,0,0,0,0,0,0
B.Marshall,WR,NYG,0,0,154,0,0,0,0,0,0,0,0,0,0,0,0,0,0,0,0,0,0,0
A.Rosas,K,NYG,0,0,0,0,0,0,7,1,10,0,0,0,0,0,0,0,0,0,0,0,0,0
B.Wing,P,NYG,0,0,0,0,0,0,0,0,0,0,0,0,0,0,0,0,0,0,0,0,7,1519
D.Harris,WR,NYG,0,0,0,0,0,0,0,0,0,0,0,0,0,0,0,0,0,0,0,0,0,0
D.Kennard,OLB,NYG,0,0,0,0,0,0,0,0,0,0,0,0,0,1,0,0,0,0,0,0,0,0
D.Harrison,DT,NYG,0,0,0,0,0,0,0,0,0,0,0,0,0,1,0,0,0,0,0,0,0,0
D.Rodgers-Cromarti,CB,NYG,0,0,0,0,0,0,0,0,0,0,0,0,0,0.5,0,0,0,0,0,0,0,0
L.Collins,SS,NYG,0,0,0,0,0,0,0,0,0,0,0,1,1,0,0,0,0,0,0,0,0,0
R.Thomas,NT,NYG,0,0,0,0,0,0,0,0,0,0,0,0,0,0,0,0,0,0,0,0,0,0
D.Thompson,FS,NYG,0,0,0,0,0,0,0,0,0,0,0,1,0,0,0,0,0,0,0,0,0,0
J.Casillas,OLB,NYG,0,0,0,0,0,0,0,0,0,0,0,0,0,0,0,0,0,0,0,0,0,0
J.Jenkins,CB,NYG,0,0,0,0,0,0,0,0,0,0,0,1,1,0,0,0,0,0,0,0,0,0
D.Tomlinson,DT,NYG,0,0,0,0,0,0,0,0,0,0,0,0,0,0,0,0,0,0,0,0,0,0
B.Goodson,MLB,NYG,0,0,0,0,0,0,0,0,0,0,0,0,1,0,0,0,0,0,0,0,0,0
O.Vernon,DE,NYG,0,0,0,0,0,0,0,0,0,0,0,0,0,2,0,0,0,0,0,0,0,0
J.Pierre-Paul,DE,NYG,0,0,0,0,0,0,0,0,0,0,0,0,2,4.5,0,0,0,0,0,0,0,0
R.Okwara,DE,NYG,0,0,0,0,0,0,0,0,0,0,0,0,0,0,0,0,0,0,0,0,0,0
J.Bromley,DT,NYG,0,0,0,0,0,0,0,0,0,0,0,0,0,1,0,0,0,0,0,0,0,0
K.Wynn,DE,NYG,0,0,0,0,0,0,0,0,0,0,0,0,0,1,0,0,0,0,0,0,0,0
E.Apple,CB,NYG,0,0,0,0,0,0,0,0,0,0,0,0,0,0,0,0,0,0,0,0,0,0
S.Bradford,QB,MIN,382,-3,0,3,0,0,0,0,0,0,0,0,0,0,0,0,0,0,0,0,0,0
S.Diggs,WR,MIN,0,-2,395,0,0,4,0,0,0,0,0,0,0,0,0,0,0,0,0,0,0,0
D.Cook,RB,MIN,0,354,90,0,2,0,0,0,0,0,1,0,0,0,0,0,0,0,0,0,0,0
J.McKinnon,RB,MIN,0,190,121,0,2,1,0,0,0,0,2,0,0,0,0,0,0,0,0,0,0,0
L.Murray,RB,MIN,0,97,29,0,0,0,0,0,0,0,0,0,0,0,0,0,0,0,0,0,0,0
K.Rudolph,TE,MIN,0,0,201,0,0,2,0,0,0,0,0,0,0,0,0,0,0,0,0,0,0,0
J.Wright,WR,MIN,0,0,39,0,0,1,0,0,0,0,0,0,0,0,0,0,0,0,0,0,0,0
L.Treadwell,WR,MIN,0,0,93,0,0,0,0,0,0,0,0,0,0,0,0,0,0,0,0,0,0,0
A.Thielen,WR,MIN,0,11,489,0,0,0,0,0,0,0,2,0,0,0,0,0,0,0,0,0,0,0
D.Morgan,TE,MIN,0,0,0,0,0,0,0,0,0,0,0,0,0,0,0,0,0,0,0,0,0,0
K.Forbath,K,MIN,0,0,0,0,0,0,11,1,11,0,0,0,0,0,0,0,0,0,0,0,0,0
R.Quigley,P,MIN,0,0,0,0,0,0,0,0,0,0,0,0,0,0,0,0,0,0,0,0,12,1086
M.Sherels,CB,MIN,0,0,0,0,0,0,0,0,0,0,0,0,0,0,0,0,0,0,0,0,0,0
H.Smith,FS,MIN,0,0,0,0,0,0,0,0,0,0,0,3,0,1.5,0,0,0,0,0,0,0,0
A.Sendejo,SS,MIN,0,0,0,0,0,0,0,0,0,0,0,1,0,0,0,0,0,0,0,0,0,0
T.Waynes,CB,MIN,0,0,0,0,0,0,0,0,0,0,0,2,0,0,0,0,0,0,0,0,0,0
S.Stephen,DT,MIN,0,0,0,0,0,0,0,0,0,0,0,0,0,1,0,0,0,0,0,0,0,0
A.Barr,OLB,MIN,0,0,0,0,0,0,0,0,0,0,0,0,0,0,0,0,0,0,0,0,0,0
D.Hunter,DE,MIN,0,0,0,0,0,0,0,0,0,0,0,0,0,2,0,0,0,0,0,0,0,0
T.Johnson,DT,MIN,0,0,0,0,0,0,0,0,0,0,0,0,0,0,0,0,0,0,0,0,0,0
L.Joseph,DT,MIN,0,0,0,0,0,0,0,0,0,0,0,0,0,1.5,0,0,0,0,0,0,0,0
E.Griffen,DE,MIN,0,0,0,0,0,0,0,0,0,0,0,0,1,7,0,0,0,0,0,0,0,0
T.Newman,CB,MIN,0,0,0,0,0,0,0,0,0,0,0,0,0,0,0,0,0,0,0,0,0,0
X.Rhodes,CB,MIN,0,0,0,0,0,0,0,0,0,0,0,1,0,0,0,0,0,0,0,0,0,0
B.Gedeon,OLB,MIN,0,0,0,0,0,0,0,0,0,0,0,0,0,0,0,0,0,0,0,0,0,0
E.Kendricks,MLB,MIN,0,0,0,0,0,0,0,0,0,0,0,0,0,1,0,0,0,0,0,0,0,0
D.Brees,QB,NO,1321,4,0,10,0,0,0,0,0,0,0,0,0,0,0,0,0,0,0,0,0,0
A.Kamara,RB,NO,0,158,159,0,1,1,0,0,0,0,0,0,0,0,0,0,0,0,0,0,0,0
J.Kuhn,FB,NO,0,2,0,0,0,0,0,0,0,0,0,0,0,0,0,0,0,0,0,0,0,0
M.Ingram,RB,NO,0,284,161,0,2,0,0,0,0,0,1,0,0,0,0,0,0,0,0,0,0,0
A.Peterson,RB,NO,0,215,4,0,2,0,0,0,0,0,0,0,0,0,0,0,0,0,0,0,0,0
T.Ginn,WR,NO,0,32,212,0,0,2,0,0,0,0,0,0,0,0,0,0,0,0,0,0,0,0
M.Thomas,WR,NO,0,0,321,0,0,2,0,0,0,0,0,0,0,0,0,0,0,0,0,0,0,0
C.Fleener,TE,NO,0,0,129,0,0,2,0,0,0,0,0,0,0,0,0,0,0,0,0,0,0,0
B.Coleman,WR,NO,0,0,160,0,0,2,0,0,0,0,0,0,0,0,0,0,0,0,0,0,0,0
T.Lewis,WR,NO,0,8,84,0,0,0,0,0,0,0,0,0,0,0,0,0,0,0,0,0,0,0
W.Lutz,K,NO,0,0,0,0,0,0,11,3,16,0,0,0,0,0,0,0,0,0,0,0,0,0
T.Morstead,P,NO,0,0,0,0,0,0,0,0,0,0,0,0,0,0,0,0,0,0,0,0,8,927
T.Edmunds,RB,NO,0,0,0,0,0,0,0,0,0,0,0,0,0,0,0,0,0,0,0,0,0,0
M.Te'o,MLB,NO,0,0,0,0,0,0,0,0,0,0,0,0,0,0,0,0,0,0,0,0,0,0
D.Harris,CB,NO,0,0,0,0,0,0,0,0,0,0,0,0,0,0,0,0,0,0,0,0,0,0
K.Vaccaro,SS,NO,0,0,0,0,0,0,0,0,0,0,0,2,0,0,0,0,0,0,0,0,0,0
S.Rankins,DT,NO,0,0,0,0,0,0,0,0,0,0,0,0,0,0,0,0,0,0,0,0,0,0
T.Davison,DT,NO,0,0,0,0,0,0,0,0,0,0,0,0,0,0,0,0,0,0,0,0,0,0
A.Anzalone,OLB,NO,0,0,0,0,0,0,0,0,0,0,0,0,0,1,0,0,0,0,0,0,0,0
A.Klein,OLB,NO,0,0,0,0,0,0,0,0,0,0,0,0,1,1,0,0,0,0,0,0,0,0
M.Williams,FS,NO,0,0,0,0,0,0,0,0,0,0,0,1,0,0,0,0,0,0,0,0,0,0
D.Onyemata,DT,NO,0,0,0,0,0,0,0,0,0,0,0,0,0,1,0,0,0,0,0,0,0,0
A.Okafor,DE,NO,0,0,0,0,0,0,0,0,0,0,0,0,2,2,0,0,0,0,0,0,0,0
P.Williams,CB,NO,0,0,0,0,0,0,0,0,0,0,0,1,0,0,0,0,0,0,0,0,0,0
C.Robertson,OLB,NO,0,0,0,0,0,0,0,0,0,0,0,0,1,1,0,0,0,0,0,0,0,0
M.Lattimore,CB,NO,0,0,0,0,0,0,0,0,0,0,0,1,1,0,0,0,0,0,0,0,0,0
C.Jordan,DE,NO,0,0,0,0,0,0,0,0,0,0,0,1,1,5,0,0,0,0,0,0,0,0
T.Siemian,QB,DEN,1264,55,0,8,1,0,0,0,0,0,1,0,0,0,0,0,0,0,0,0,0,0
J.Charles,RB,DEN,0,194,23,0,1,0,0,0,0,0,1,0,0,0,0,0,0,0,0,0,0,0
C.Anderson,RB,DEN,0,347,67,0,1,1,0,0,0,0,0,0,0,0,0,0,0,0,0,0,0,0
E.Sanders,WR,DEN,0,0,266,0,0,2,0,0,0,0,0,0,0,0,0,0,0,0,0,0,0,0
B.Fowler,WR,DEN,0,0,140,0,0,2,0,0,0,0,0,0,0,0,0,0,0,0,0,0,0,0
V.Green,TE,DEN,0,0,97,0,0,1,0,0,0,0,0,0,0,0,0,0,0,0,0,0,0,0
A.Derby,TE,DEN,0,0,124,0,0,1,0,0,0,0,0,0,0,0,0,0,0,0,0,0,0,0
D. Thomas,WR,DEN,0,0,380,0,0,0,0,0,0,0,1,0,0,0,0,0,0,0,0,0,0,0
J.Heuerman,TE,DEN,0,0,59,0,0,1,0,0,0,0,0,0,0,0,0,0,0,0,0,0,0,0
B.McManus,K,DEN,0,0,0,0,0,0,8,4,12,0,0,0,0,0,0,0,0,0,0,0,0,0
R.Dixon,P,DEN,0,0,0,0,0,0,0,0,0,0,0,0,0,0,0,0,0,0,0,0,6,822
C.Latimer,WR,DEN,0,0,22,0,0,0,0,0,0,0,0,0,0,0,0,0,0,0,0,0,0,0
I.McKenzie,WR,DEN,0,4,0,0,0,0,0,0,0,0,0,0,0,0,0,0,0,0,0,0,0,0
B.Roby,FS,DEN,0,0,0,0,0,0,0,0,0,0,0,1,0,0,0,0,0,0,0,0,0,0
D.Wolfe,DE,DEN,0,0,0,0,0,0,0,0,0,0,0,0,0,1,0,0,0,0,0,0,0,0
T.Davis,ILB,DEN,0,0,0,0,0,0,0,0,0,0,0,0,0,1,0,0,0,0,0,0,0,0
D.Stewart,FS,DEN,0,0,0,0,0,0,0,0,0,0,0,0,0,0,0,0,0,0,0,0,0,0
S.Barrett,OLB,DEN,0,0,0,0,0,0,0,0,0,0,0,0,0,2,0,0,0,0,0,0,0,0
J.Simmons,SS,DEN,0,0,0,0,0,0,0,0,0,0,0,1,0,0,0,0,0,0,0,0,0,0
S.Harris,DE,DEN,0,0,0,0,0,0,0,0,0,0,0,0,0,2,0,0,0,0,0,0,0,0
C.Nelson,ILB,DEN,0,0,0,0,0,0,0,0,0,0,0,0,0,0,0,0,0,0,0,0,0,0
C.Harris,CB,DEN,0,0,0,0,0,0,0,0,0,0,0,1,0,0,0,0,0,0,0,0,0,0
D.Peko,NT,DEN,0,0,0,0,0,0,0,0,0,0,0,0,0,0,0,0,0,0,0,0,0,0
V.Miller,OLB,DEN,0,0,0,0,0,0,0,0,0,0,0,0,0,5,0,0,0,0,0,0,0,0
B.Marshall,ILB,DEN,0,0,0,0,0,0,0,0,0,0,0,0,0,1,0,0,0,0,0,0,0,0
T.Jarrett,DEF,DEN,0,0,0,0,0,0,0,0,0,0,0,0,0,0,0,0,0,0,0,0,0,0
A.Talib,CB,DEN,0,0,0,0,0,0,0,0,0,0,0,1,0,0,0,0,0,0,0,0,0,0
W.Parks,DB,DEN,0,0,0,0,0,0,0,0,0,0,0,0,0,0,0,0,0,0,0,0,0,0
A.Gotsis,DE,DEN,0,0,0,0,0,0,0,0,0,0,0,0,0,1,0,0,0,0,0,0,0,0
P.Rivers,QB,LAC,1633,1,0,10,0,0,0,0,0,0,1,0,0,0,0,0,0,0,0,0,0,0
M.Gordon,RB,LAC,0,356,222,0,3,4,0,0,0,0,0,0,0,0,0,0,0,0,0,0,0,0
B.Oliver,RB,LAC,0,58,20,0,0,0,0,0,0,0,0,0,0,0,0,0,0,0,0,0,0,0
K.Allen,WR,LAC,0,0,446,0,0,1,0,0,0,0,0,0,0,0,0,0,0,0,0,0,0,0
Ty.Williams,WR,LAC,0,0,287,0,0,1,0,0,0,0,1,0,0,0,0,0,0,0,0,0,0,0
A.Gates,TE,LAC,0,0,115,0,0,1,0,0,0,0,0,0,0,0,0,0,0,0,0,0,0,0
A.Ekeler,RB,LAC,0,36,83,0,1,0,0,0,0,0,0,0,0,0,0,0,0,0,0,0,0,0
T.Benjamin,WR,LAC,0,23,198,0,0,1,0,0,0,0,0,0,0,0,0,0,0,0,0,0,0,0
C.Hayward,CB,LAC,0,0,0,0,0,0,0,0,0,0,0,0,0,0,0,0,0,0,0,0,0,0
Y.Koo,K,LAC,0,0,0,0,0,0,3,2,9,0,0,0,0,0,0,0,0,0,0,0,0,0
D.Kaser,P,LAC,0,0,0,0,0,0,0,0,0,0,0,0,0,0,0,0,0,0,0,0,10,1397
K.Emanuel,OLB,LAC,0,0,0,0,0,0,0,0,0,0,0,0,0,0,0,0,0,0,0,0,0,0
D.Square,NT,LAC,0,0,0,0,0,0,0,0,0,0,0,0,0,0,0,0,0,0,0,0,0,0
D.Philon,DE,LAC,0,0,0,0,0,0,0,0,0,0,0,0,0,2,0,0,0,0,0,0,0,0
J.Bosa,DE,LAC,0,0,0,0,0,0,0,0,0,0,0,0,2,5.0,0,0,0,0,0,0,0,0
T.Boston,FS,LAC,0,0,0,0,0,0,0,0,0,0,0,1,0,0,0,0,0,0,0,0,0,0
I.Rochell,DEF,LAC,0,0,0,0,0,0,0,0,0,0,0,0,0,0,0,0,0,0,0,0,0,0
B.Mebane,NT,LAC,0,0,0,0,0,0,0,0,0,0,0,0,0,0,0,0,0,0,0,0,0,0
J.Addae,SS,LAC,0,0,0,0,0,0,0,0,0,0,0,0,0,0,0,0,0,0,0,0,0,0
A.Phillips,SS,LAC,0,0,0,0,0,0,0,0,0,0,0,1,0,0,0,0,0,0,0,0,0,0
H.Pullard,MLB,LAC,0,0,0,0,0,0,0,0,0,0,0,1,0,0,0,0,0,0,0,0,0,0
K.Toomer,ILB,LAC,0,0,0,0,0,0,0,0,0,0,0,0,1,0,0,0,0,0,0,0,0,0
M.Ingram,OLB,LAC,0,0,0,0,0,0,0,0,0,0,0,0,1,7.5,0,0,0,0,0,0,0,0
C.McCain,DE,LAC,0,0,0,0,0,0,0,0,0,0,0,0,0,3,0,0,0,0,0,0,0,0
J.Brown,ILB,LAC,0,0,0,0,0,0,0,0,0,0,0,0,0,0,0,0,0,0,0,0,0,0
J.Verrett,CB,LAC,0,0,0,0,0,0,0,0,0,0,0,0,0,0,0,0,0,0,0,0,0,0
Tr.Williams,CB,LAC,0,0,0,0,0,0,0,0,0,0,0,1,0,0,0,0,0,0,0,0,0,0
J.Ross,WR,CIN,0,12,0,0,0,0,0,0,0,0,1,0,0,0,0,0,0,0,0,0,0,0
R.Bullock,K,CIN,0,0,0,0,0,0,7,1,9,0,0,0,0,0,0,0,0,0,0,0,0,0
A.Jones,CB,CIN,0,0,0,0,0,0,0,0,0,0,0,0,0,0,0,0,0,0,0,0,0,0
S.Williams,SS,CIN,0,0,0,0,0,0,0,0,0,0,0,0,0,0,0,0,0,0,0,0,0,0
B.Miller,WR,HOU,0,0,20,0,0,1,0,0,0,0,0,0,0,0,0,0,0,0,0,0,0,0
D.Cole,ILB,HOU,0,0,0,0,0,0,0,0,0,0,0,2,0,1,0,0,0,0,0,0,0,0
A.Collins,RB,BAL,0,335,0,0,0,0,0,0,0,0,2,0,0,0,0,0,0,0,0,0,0,0
B.Watson,TE,BAL,0,0,176,0,0,1,0,0,0,0,0,0,0,0,0,0,0,0,0,0,0,0
M.Humphrey,DB,BAL,0,0,0,0,0,0,0,0,0,0,0,0,0,0,0,0,0,0,0,0,0,0
P.Onwuasor,OLB,BAL,0,0,0,0,0,0,0,0,0,0,0,0,1,1,0,0,0,0,0,0,0,0
T.Williams,OLB,BAL,0,0,0,0,0,0,0,0,0,0,0,0,0,0,0,0,0,0,0,0,0,0
C.Davis,DE,BAL,0,0,0,0,0,0,0,0,0,0,0,0,0,0,0,0,0,0,0,0,0,0
K.Hogan,QB,CLE,517,71,0,4,0,0,0,0,0,0,0,0,0,0,0,0,0,0,0,0,0,0
R.Higgins,WR,CLE,0,4,125,0,0,0,0,0,0,0,0,0,0,0,0,0,0,0,0,0,0,0
R.Telfer,TE,CLE,0,0,24,0,0,0,0,0,0,0,0,0,0,0,0,0,0,0,0,0,0,0
N.Orchard,DE,CLE,0,0,0,0,0,0,0,0,0,0,0,0,0,1,0,0,0,0,0,0,0,0
J.Meder,DT,CLE,0,0,0,0,0,0,0,0,0,0,0,0,0,0,0,0,0,0,0,0,0,0
J.Burgess,OLB,CLE,0,0,0,0,0,0,0,0,0,0,0,0,1,2,0,0,0,0,0,0,0,0
C.Samuel,WR,CAR,0,39,12,0,0,0,0,0,0,0,0,0,0,0,0,0,0,0,0,0,0,0
E.Dickson,TE,CAR,0,0,307,0,0,0,0,0,0,0,0,0,0,0,0,0,0,0,0,0,0,0
C.Munnerlyn,DB,CAR,0,0,0,0,0,0,0,0,0,0,0,0,0,1,0,0,0,0,0,0,0,0
V.Butler,DT,CAR,0,0,0,0,0,0,0,0,0,0,0,0,0,0,0,0,0,0,0,0,0,0
Ch.Johnson,DE,CAR,0,0,0,0,0,0,0,0,0,0,0,0,0,0,0,0,0,0,0,0,0,0
S.Wright,CB,BUF,0,0,0,0,0,0,0,0,0,0,0,0,0,0,0,0,0,0,0,0,0,0
K.Clay,WR,BUF,0,0,28,0,0,0,0,0,0,0,0,0,0,0,0,0,0,0,0,0,0,0
C.Thornton,DT,BUF,0,0,0,0,0,0,0,0,0,0,0,0,0,0,0,0,0,0,0,0,0,0
M.Dareus,DT,BUF,0,0,0,0,0,0,0,0,0,0,0,0,0,1,0,0,0,0,0,0,0,0
R.Davis,DE,BUF,0,0,0,0,0,0,0,0,0,0,0,0,0,0,0,0,0,0,0,0,0,0
B.Williams,TE,IND,0,0,76,0,0,0,0,0,0,0,0,0,0,0,0,0,0,0,0,0,0,0
D.Bond,C,IND,0,0,0,0,0,0,0,0,0,0,0,0,0,0,0,0,0,0,0,0,0,0
C.Milton,DB,IND,0,0,0,0,0,0,0,0,0,0,0,0,0,0,0,0,0,0,0,0,0,0
H.Ridgeway,DT,IND,0,0,0,0,0,0,0,0,0,0,0,0,0,1,0,0,0,0,0,0,0,0
C.Johnson,,ARI,0,114,43,0,0,0,0,0,0,0,0,0,0,0,0,0,0,0,0,0,0,0
B.Golden,WR,ARI,0,0,50,0,0,0,0,0,0,0,0,0,0,0,0,0,0,0,0,0,0,0
C.Williams,WR,ARI,0,0,23,0,0,0,0,0,0,0,0,0,0,0,0,0,0,0,0,0,0,0
T.Niklas,TE,ARI,0,0,46,0,0,1,0,0,0,0,0,0,0,0,0,0,0,0,0,0,0,0
B.Baker,SAF,ARI,0,0,0,0,0,0,0,0,0,0,0,0,0,0,0,0,0,0,0,0,0,0
O.Pierre,DT,ARI,0,0,0,0,0,0,0,0,0,0,0,0,0,1,0,0,0,0,0,0,0,0
C.Grant,RB,JAX,0,97,13,0,0,0,0,0,0,0,0,0,0,0,0,0,0,0,0,0,0,0
K.Cole,WR,JAX,0,0,47,0,0,0,0,0,0,0,0,0,0,0,0,0,0,0,0,0,0,0
M.Bennett,DT,JAX,0,0,0,0,0,0,0,0,0,0,0,0,0,0,0,0,0,0,0,0,0,0
J.Fowler,FB,TEN,0,3,0,0,1,0,0,0,0,0,0,0,0,0,0,0,0,0,0,0,0,0
D.Fluellen,RB,TEN,0,21,0,0,0,0,0,0,0,0,0,0,0,0,0,0,0,0,0,0,0,0
J.Smith,TE,TEN,0,0,85,0,0,2,0,0,0,0,0,0,0,0,0,0,0,0,0,0,0,0
E.Weems,WR,TEN,0,0,0,0,0,0,0,0,0,0,0,0,0,0,0,0,0,0,0,0,0,0
L.Sims,CB,TEN,0,0,0,0,0,0,0,0,0,0,0,0,1,0,0,0,0,0,0,0,0,0
J.Casey,DE,TEN,0,0,0,0,0,0,0,0,0,0,0,0,0,2,0,0,0,0,0,0,0,0
C.Riley,CB,TEN,0,0,0,0,0,0,0,0,0,0,0,1,0,0,0,0,0,0,0,0,0,0
A.Sherman,FB,KC,0,0,11,0,0,0,0,0,0,0,0,0,0,0,0,0,0,0,0,0,0,0
A.Hunt,RB,KC,0,3,0,0,0,0,0,0,0,0,0,0,0,0,0,0,0,0,0,0,0,0
C.Jones,DE,KC,0,0,0,0,0,0,0,0,0,0,0,1,3,3.5,0,0,0,0,0,0,0,0
R.Nunez-Roches,DE,KC,0,0,0,0,0,0,0,0,0,0,0,0,0,0,0,0,0,0,0,0,0,0
R.Wilson,ILB,KC,0,0,0,0,0,0,0,0,0,0,0,0,0,0,0,0,0,0,0,0,0,0
M.Hollins,WR,PHI,0,0,70,0,0,0,0,0,0,0,0,0,0,0,0,0,0,0,0,0,0,0
L.Johnson,OT,PHI,0,0,0,0,0,0,0,0,0,0,0,0,0,0,0,0,0,0,0,0,0,0
J.Elliott,K,PHI,0,0,0,0,0,0,12,2,13,0,0,0,0,0,0,0,0,0,0,0,0,0
B.Allen,DT,PHI,0,0,0,0,0,0,0,0,0,0,0,0,0,1,0,0,0,0,0,0,0,0
R.Douglas,CB,PHI,0,0,0,0,0,0,0,0,0,0,0,2,0,0,0,0,0,0,0,0,0,0
J.Hill,TE,NO,0,0,32,0,0,0,0,0,0,0,0,0,0,0,0,0,0,0,0,0,0,0
M.Hoomanawanui,TE,NO,0,0,48,0,0,1,0,0,0,0,0,0,0,0,0,0,0,0,0,0,0,0
S.Moore,CB,NO,0,0,0,0,0,0,0,0,0,0,0,0,0,0,0,0,0,0,0,0,0,0
R.Bush,DB,NO,0,0,0,0,0,0,0,0,0,0,0,0,0,1,0,0,0,0,0,0,0,0
T.Hendrickson,DE,NO,0,0,0,0,0,0,0,0,0,0,0,0,1,1,0,0,0,0,0,0,0,0
V.Bell,FS,NO,0,0,0,0,0,0,0,0,0,0,0,0,0,1,0,0,0,0,0,0,0,0
H.Kikaha,OLB,NO,0,0,0,0,0,0,0,0,0,0,0,0,0,2,0,0,0,0,0,0,0,0
P.Dorsett,WR,NE,0,7,85,0,0,0,0,0,0,0,0,0,0,0,0,0,0,0,0,0,0,0
J.Hollister,TE,NE,0,0,24,0,0,0,0,0,0,0,0,0,0,0,0,0,0,0,0,0,0,0
J.Develin,FB,NE,0,0,20,0,0,0,0,0,0,0,0,0,0,0,0,0,0,0,0,0,0,0
D.Harmon,SS,NE,0,0,0,0,0,0,0,0,0,0,0,1,0,0,0,0,0,0,0,0,0,0
J.Jones,CB,NE,0,0,0,0,0,0,0,0,0,0,0,0,0,0,0,0,0,0,0,0,0,0
E.Roberts,MLB,NE,0,0,0,0,0,0,0,0,0,0,0,0,0,0,0,0,0,0,0,0,0,0
T.Watson,RB,PIT,0,8,0,0,0,0,0,0,0,0,0,0,0,0,0,0,0,0,0,0,0,0
B.Dupree,OLB,PIT,0,0,0,0,0,0,0,0,0,0,0,0,0,1.5,0,0,0,0,0,0,0,0
C.Keenum,QB,MIN,1134,55,0,5,0,0,0,0,0,0,0,0,0,0,0,0,0,0,0,0,0,0
C.Ham,RB,MIN,0,1,23,0,1,0,0,0,0,0,0,0,0,0,0,0,0,0,0,0,0,0
B.Robison,DE,MIN,0,0,0,0,0,0,0,0,0,0,0,0,0,1,0,0,0,0,0,0,0,0
M.Alexander,CB,MIN,0,0,0,0,0,0,0,0,0,0,0,0,0,0,0,0,0,0,0,0,0,0
R.Fitzpatrick,QB,TB,290,8,0,3,0,0,0,0,0,0,0,0,0,0,0,0,0,0,0,0,0,0
J.Winston,QB,TB,1259,30,0,7,0,0,0,0,0,0,0,0,0,0,0,0,0,0,0,0,0,0
P.Barber,RB,TB,0,49,0,0,0,0,0,0,0,0,0,0,0,0,0,0,0,0,0,0,0,0
J.Rodgers,RB,TB,0,168,44,0,1,0,0,0,0,0,0,0,0,0,0,0,0,0,0,0,0,0
C.Sims III,RB,TB,0,23,99,0,0,0,0,0,0,0,1,0,0,0,0,0,0,0,0,0,0,0
M.Evans,WR,TB,0,0,371,0,0,3,0,0,0,0,0,0,0,0,0,0,0,0,0,0,0,0
A.Humphries,WR,TB,0,0,258,0,0,0,0,0,0,0,0,0,0,0,0,0,0,0,0,0,0,0
C.Brate,TE,TB,0,0,281,0,0,4,0,0,0,0,0,0,0,0,0,0,0,0,0,0,0,0
O.Howard,TE,TB,0,0,107,0,0,1,0,0,0,0,0,0,0,0,0,0,0,0,0,0,0,0
D.Jackson,WR,TB,0,0,287,0,0,2,0,0,0,0,0,0,0,0,0,0,0,0,0,0,0,0
A.Cross,,TB,0,0,11,0,0,0,0,0,0,0,0,0,0,0,0,0,0,0,0,0,0,0
L.David,OLB,TB,0,0,0,0,0,0,0,0,0,0,0,0,2,0,0,0,0,0,0,0,0,0
C.Lynch,LB,TB,0,0,0,0,0,0,0,0,0,0,0,0,0,0,0,0,0,0,0,0,0,0
N.Folk,K,TB,0,0,0,0,0,0,6,5,7,0,0,0,0,0,0,0,0,0,0,0,0,0
B.Anger,P,TB,0,0,0,0,0,0,0,0,0,0,0,0,0,0,0,0,0,0,0,0,9,933
B.Reedy,WR,TB,0,7,6,0,0,0,0,0,0,0,0,0,0,0,0,0,0,0,0,0,0,0
R.Smith,CB,TB,0,0,0,0,0,0,0,0,0,0,0,0,0,0,0,0,0,0,0,0,0,0
R.Russell,DE,TB,0,0,0,0,0,0,0,0,0,0,0,0,0,0,0,0,0,0,0,0,0,0
W.Gholston,DE,TB,0,0,0,0,0,0,0,0,0,0,0,0,0,0,0,0,0,0,0,0,0,0
T.Ward,DB,TB,0,0,0,0,0,0,0,0,0,0,0,0,0,0,0,0,0,0,0,0,0,0
C.McDonald,DT,TB,0,0,0,0,0,0,0,0,0,0,0,0,0,2,0,0,0,0,0,0,0,0
K.Beckwith,MLB,TB,0,0,0,0,0,0,0,0,0,0,0,0,0,0,0,0,0,0,0,0,0,0
K.Alexander,MLB,TB,0,0,0,0,0,0,0,0,0,0,0,1,0,0,0,0,0,0,0,0,0,0
C.Conte,FS,TB,0,0,0,0,0,0,0,0,0,0,0,0,1,0,0,0,0,0,0,0,0,0
V.Hargreaves III,CB,TB,0,0,0,0,0,0,0,0,0,0,0,0,0,0,0,0,0,0,0,0,0,0
K.Tandy,SS,TB,0,0,0,0,0,0,0,0,0,0,0,0,0,0,0,0,0,0,0,0,0,0
A.Glanton,OLB,TB,0,0,0,0,0,0,0,0,0,0,0,0,1,1,0,0,0,0,0,0,0,0
N.Spence,DE,TB,0,0,0,0,0,0,0,0,0,0,0,0,1,1,0,0,0,0,0,0,0,0
B.Grimes,CB,TB,0,0,0,0,0,0,0,0,0,0,0,1,0,0,0,0,0,0,0,0,0,0
G.McCoy,DT,TB,0,0,0,0,0,0,0,0,0,0,0,0,0,2,0,0,0,0,0,0,0,0
R.McClain,DB,TB,0,0,0,0,0,0,0,0,0,0,0,1,0,0,0,0,0,0,0,0,0,0
T.Gentry,WR,CHI,0,0,27,0,0,0,0,0,0,0,0,0,0,0,0,0,0,0,0,0,0,0
P.McPhee,OLB,CHI,0,0,0,0,0,0,0,0,0,0,0,0,1,3,0,0,0,0,0,0,0,0
J.Bullard,DE,CHI,0,0,0,0,0,0,0,0,0,0,0,0,0,0,0,0,0,0,0,0,0,0
C.LeBlanc,CB,CHI,0,0,0,0,0,0,0,0,0,0,0,0,0,0,0,0,0,0,0,0,0,0
C.Jones,ILB,CHI,0,0,0,0,0,0,0,0,0,0,0,0,1,0,0,0,0,0,0,0,0,0
J.Anderson,OLB,CHI,0,0,0,0,0,0,0,0,0,0,0,0,0,0,0,0,0,0,0,0,0,0
D.Watt,FB,LAC,0,0,0,0,0,0,0,0,0,0,0,0,0,0,0,0,0,0,0,0,0,0
H.Henry,TE,LAC,0,0,228,0,0,2,0,0,0,0,0,0,0,0,0,0,0,0,0,0,0,0
S.McGrath,TE,LAC,0,0,10,0,0,0,0,0,0,0,0,0,0,0,0,0,0,0,0,0,0,0
D.King,DB,LAC,0,0,0,0,0,0,0,0,0,0,0,0,0,0,0,0,0,0,0,0,0,0
T.Palepoi,DE,LAC,0,0,0,0,0,0,0,0,0,0,0,0,0,0,0,0,0,0,0,0,0,0
N.Harris,MLB,LAC,0,0,0,0,0,0,0,0,0,0,0,0,0,0,0,0,0,0,0,0,0,0
C.Liuget,DE,LAC,0,0,0,0,0,0,0,0,0,0,0,0,1,0.5,0,0,0,0,0,0,0,0
J.Landry,WR,MIA,0,-7,272,0,0,2,0,0,0,0,0,0,0,0,0,0,0,0,0,0,0,0
J.Cutler,QB,MIA,857,20,0,5,0,0,0,0,0,0,0,0,0,0,0,0,0,0,0,0,0,0
K.Drake,RB,MIA,0,3,7,0,0,0,0,0,0,0,0,0,0,0,0,0,0,0,0,0,0,0
J.Ajayi,RB,MIA,0,391,23,0,0,0,0,0,0,0,1,0,0,0,0,0,0,0,0,0,0,0
K.Stills,WR,MIA,0,0,163,0,0,2,0,0,0,0,0,0,0,0,0,0,0,0,0,0,0,0
D.Parker,WR,MIA,0,0,236,0,0,1,0,0,0,0,0,0,0,0,0,0,0,0,0,0,0,0
J.Thomas,TE,MIA,0,0,108,0,0,0,0,0,0,0,0,0,0,0,0,0,0,0,0,0,0,0
C.Parkey,K,MIA,0,0,0,0,0,0,7,0,4,0,0,0,0,0,0,0,0,0,0,0,0,0
M.Haack,P,MIA,0,0,0,0,0,0,0,0,0,0,0,0,0,0,0,0,0,0,0,0,9,1265
J.Grant,WR,MIA,0,0,15,0,0,0,0,0,0,0,0,0,0,0,0,0,0,0,0,0,0,0
C.Allen,OLB,MIA,0,0,0,0,0,0,0,0,0,0,0,0,0,0,0,0,0,0,0,0,0,0
K.Alonso,MLB,MIA,0,0,0,0,0,0,0,0,0,0,0,0,1,1,0,0,0,0,0,0,0,0
X.Howard,CB,MIA,0,0,0,0,0,0,0,0,0,0,0,0,0,0,0,0,0,0,0,0,0,0
A.Branch,DE,MIA,0,0,0,0,0,0,0,0,0,0,0,0,0,3,0,0,0,0,0,0,0,0
M.Hull,OLB,MIA,0,0,0,0,0,0,0,0,0,0,0,0,0,0,0,0,0,0,0,0,0,0
W.Hayes,DE,MIA,0,0,0,0,0,0,0,0,0,0,0,0,0,1,0,0,0,0,0,0,0,0
C.Harris,DE,MIA,0,0,0,0,0,0,0,0,0,0,0,0,0,1,0,0,0,0,0,0,0,0
N.Allen,SS,MIA,0,0,0,0,0,0,0,0,0,0,0,0,0,0,0,0,0,0,0,0,0,0
V.Taylor,DT,MIA,0,0,0,0,0,0,0,0,0,0,0,0,0,0,0,0,0,0,0,0,0,0
B.McCain,CB,MIA,0,0,0,0,0,0,0,0,0,0,0,0,0,0,0,0,0,0,0,0,0,0
R.Jones,FS,MIA,0,0,0,0,0,0,0,0,0,0,0,1,0,0.5,0,0,0,0,0,0,0,0
C.Wake,DE,MIA,0,0,0,0,0,0,0,0,0,0,0,0,0,3.5,0,0,0,0,0,0,0,0
D.Godchaux,DT,MIA,0,0,0,0,0,0,0,0,0,0,0,0,1,0,0,0,0,0,0,0,0,0
N.Suh,DT,MIA,0,0,0,0,0,0,0,0,0,0,0,0,1,2,0,0,0,0,0,0,0,0
B.Maxwell,,MIA,0,0,0,0,0,0,0,0,0,0,0,0,1,0,0,0,0,0,0,0,0,0
J.Phillips,DT,MIA,0,0,0,0,0,0,0,0,0,0,0,0,0,0,0,0,0,0,0,0,0,0
L.Smith,TE,OAK,0,0,24,0,0,0,0,0,0,0,0,0,0,0,0,0,0,0,0,0,0,0
C.Walford,TE,OAK,0,0,6,0,0,0,0,0,0,0,0,0,0,0,0,0,0,0,0,0,0,0
J.Holton,WR,OAK,0,0,64,0,0,1,0,0,0,0,0,0,0,0,0,0,0,0,0,0,0,0
T.Hester,DT,OAK,0,0,0,0,0,0,0,0,0,0,0,0,0,0,0,0,0,0,0,0,0,0
G.Conley,CB,OAK,0,0,0,0,0,0,0,0,0,0,0,0,0,0,0,0,0,0,0,0,0,0
J.Cowser,DE,OAK,0,0,0,0,0,0,0,0,0,0,0,0,1,0,0,0,0,0,0,0,0,0
E.McGuire,RB,NYJ,0,198,55,0,1,0,0,0,0,0,1,0,0,0,0,0,0,0,0,0,0,0
J.Kerley,WR,NYJ,0,0,193,0,0,1,0,0,0,0,0,0,0,0,0,0,0,0,0,0,0,0
N.Sterling,,NYJ,0,0,8,0,0,0,0,0,0,0,0,0,0,0,0,0,0,0,0,0,0,0
C.Peake,WR,NYJ,0,0,3,0,0,0,0,0,0,0,0,0,0,0,0,0,0,0,0,0,0,0
D.Roberts,CB,NYJ,0,0,0,0,0,0,0,0,0,0,0,0,0,0,0,0,0,0,0,0,0,0
K.Edebali,LB,DEN,0,0,0,0,0,0,0,0,0,0,0,0,0,0,0,0,0,0,0,0,0,0
R.Smith,RB,DAL,0,8,18,0,0,0,0,0,0,0,0,0,0,0,0,0,0,0,0,0,0,0
J.Lewis,CB,DAL,0,0,0,0,0,0,0,0,0,0,0,1,0,0,0,0,0,0,0,0,0,0
B.Price,DT,DAL,0,0,0,0,0,0,0,0,0,0,0,0,0,0,0,0,0,0,0,0,0,0
B.Mayowa,DE,DAL,0,0,0,0,0,0,0,0,0,0,0,0,0,0,0,0,0,0,0,0,0,0
K.Wilber,OLB,DAL,0,0,0,0,0,0,0,0,0,0,0,0,0,0,0,0,0,0,0,0,0,0
T.Charlton,DE,DAL,0,0,0,0,0,0,0,0,0,0,0,0,0,0,0,0,0,0,0,0,0,0
J.Reynolds,WR,LA,0,0,28,0,0,0,0,0,0,0,0,0,0,0,0,0,0,0,0,0,0,0
J.Sullivan,C,LA,0,0,0,0,0,0,0,0,0,0,0,0,0,0,0,0,0,0,0,0,0,0
A.Donald,DE,LA,0,0,0,0,0,0,0,0,0,0,0,0,1,2,0,0,0,0,0,0,0,0
Co.Davis,FS,LA,0,0,0,0,0,0,0,0,0,0,0,1,0,0,0,0,0,0,0,0,0,0
S.Perine,RB,WAS,0,166,30,0,0,1,0,0,0,0,1,0,0,0,0,0,0,0,0,0,0,0
V.Davis,TE,WAS,0,0,225,0,0,1,0,0,0,0,1,0,0,0,0,0,0,0,0,0,0,0
M.Nicholson,SS,WAS,0,0,0,0,0,0,0,0,0,0,0,1,0,0,0,0,0,0,0,0,0,0
J.Galette,LB,WAS,0,0,0,0,0,0,0,0,0,0,0,0,0,0.5,0,0,0,0,0,0,0,0
T.Rawls,RB,SEA,0,24,15,0,0,0,0,0,0,0,0,0,0,0,0,0,0,0,0,0,0,0
A.Darboh,WR,SEA,0,0,26,0,0,0,0,0,0,0,0,0,0,0,0,0,0,0,0,0,0,0
L.Willson,TE,SEA,0,0,84,0,0,2,0,0,0,0,0,0,0,0,0,0,0,0,0,0,0,0
M.Wilhoite,OLB,SEA,0,0,0,0,0,0,0,0,0,0,0,0,0,0,0,0,0,0,0,0,0,0
G.Celek,TE,SF,0,0,26,0,0,1,0,0,0,0,0,0,0,0,0,0,0,0,0,0,0,0
V.Bolden,WR,SF,0,0,0,0,0,0,0,0,0,0,0,0,0,0,0,0,0,0,0,0,0,0
J.Ward,FS,SF,0,0,0,0,0,0,0,0,0,0,0,0,0,0,0,0,0,0,0,0,0,0
A.Lynch,DE,SF,0,0,0,0,0,0,0,0,0,0,0,0,0,1,0,0,0,0,0,0,0,0
J.Hardy,WR,ATL,0,0,65,0,0,1,0,0,0,0,0,0,0,0,0,0,0,0,0,0,0,0
D.Shelby,DE,ATL,0,0,0,0,0,0,0,0,0,0,0,0,0,1,0,0,0,0,0,0,0,0
D.Poe,DT,ATL,0,0,0,0,0,0,0,0,0,0,0,0,0,0,0,0,0,0,0,0,0,0
J.Crawford,DE,ATL,0,0,0,0,0,0,0,0,0,0,0,0,0,0,0,0,0,0,0,0,0,0
A.Ripkowski,FB,GB,0,6,8,0,0,0,0,0,0,0,0,0,0,0,0,0,0,0,0,0,0,0
R.Rodgers,TE,GB,0,0,38,0,0,0,0,0,0,0,0,0,0,0,0,0,0,0,0,0,0,0
G.Allison,WR,GB,0,0,153,0,0,0,0,0,0,0,0,0,0,0,0,0,0,0,0,0,0,0
D.Lowry,DE,GB,0,0,0,0,0,0,0,0,0,0,0,0,0,0,0,0,0,0,0,0,0,0
J.Thomas,ILB,GB,0,0,0,0,0,0,0,0,0,0,0,0,0,0.5,0,0,0,0,0,0,0,0
Q.Dial,DT,GB,0,0,0,0,0,0,0,0,0,0,0,0,0,0,0,0,0,0,0,0,0,0
K.King,CB,GB,0,0,0,0,0,0,0,0,0,0,0,0,0,0,0,0,0,0,0,0,0,0
J.Jones,SAF,GB,0,0,0,0,0,0,0,0,0,0,0,0,0,2,0,0,0,0,0,0,0,0
O.Beckham,WR,NYG,0,8,302,0,0,3,0,0,0,0,0,0,0,0,0,0,0,0,0,0,0,0
J.Adams,TE,NYG,0,0,55,0,0,0,0,0,0,0,0,0,0,0,0,0,0,0,0,0,0,0
R.Cockrell,DB,NYG,0,0,0,0,0,0,0,0,0,0,0,0,0,0,0,0,0,0,0,0,0,0
C.Munson,MLB,NYG,0,0,0,0,0,0,0,0,0,0,0,0,0,1,0,0,0,0,0,0,0,0
D.Fells,TE,DET,0,0,101,0,0,3,0,0,0,0,0,0,0,0,0,0,0,0,0,0,0,0
J.Locke,,DET,0,0,0,0,0,0,0,0,0,0,0,0,0,0,0,0,0,0,0,0,11,1222
P.Worrilow,OLB,DET,0,0,0,0,0,0,0,0,0,0,0,0,0,0,0,0,0,0,0,0,0,0
H.Ngata,DT,DET,0,0,0,0,0,0,0,0,0,0,0,0,0,2,0,0,0,0,0,0,0,0
J.Reeves-Maybin,LB,DET,0,0,0,0,0,0,0,0,0,0,0,0,0,0,0,0,0,0,0,0,0,0
R.Mostert,RB,SF,0,30,0,0,0,0,0,0,0,0,1,0,0,0,0,0,0,0,0,0,0,0
K.Nelson,LS,SF,0,0,0,0,0,0,0,0,0,0,0,0,0,0,0,0,0,0,0,0,0,0
B.Coyle,LB,SF,0,0,0,0,0,0,0,0,0,0,0,0,0,0.5,0,0,0,0,0,0,0,0
R.Havenstein,OT,LA,0,0,0,0,0,0,0,0,0,0,0,0,0,0,0,0,0,0,0,0,0,0
T.Hill,CB,LA,0,0,0,0,0,0,0,0,0,0,0,0,0,0,0,0,0,0,0,0,0,0
C.Henne,QB,JAX,0,-3,0,0,0,0,0,0,0,0,0,0,0,0,0,0,0,0,0,0,0,0
M.Lewis,TE,JAX,0,0,76,0,0,3,0,0,0,0,0,0,0,0,0,0,0,0,0,0,0,0
T.Patmon,DB,JAX,0,0,0,0,0,0,0,0,0,0,0,0,0,0,0,0,0,0,0,0,0,0
P.Thompson,DB,JAX,0,0,0,0,0,0,0,0,0,0,0,0,0,0,0,0,0,0,0,0,0,0
B.Brown,LB,JAX,0,0,0,0,0,0,0,0,0,0,0,0,0,0,0,0,0,0,0,0,0,0
R.Mallett,QB,BAL,36,0,0,1,0,0,0,0,0,0,0,0,0,0,0,0,0,0,0,0,0,0
C.Matthews,WR,BAL,0,0,25,0,0,0,0,0,0,0,0,0,0,0,0,0,0,0,0,0,0,0
W.Henry,DT,BAL,0,0,0,0,0,0,0,0,0,0,0,0,0,0.5,0,0,0,0,0,0,0,0
C.Clark,DB,BAL,0,0,0,0,0,0,0,0,0,0,0,0,0,0,0,0,0,0,0,0,0,0
D.Lacey,LB,BUF,0,0,0,0,0,0,0,0,0,0,0,0,0,0,0,0,0,0,0,0,0,0
D.Henderson,RB,DEN,0,1,0,0,0,0,0,0,0,0,0,0,0,0,0,0,0,0,0,0,0,0
A.Janovich,FB,DEN,0,2,0,0,0,0,0,0,0,0,0,0,0,0,0,0,0,0,0,0,0,0
Z.Kerr,NT,DEN,0,0,0,0,0,0,0,0,0,0,0,0,0,0,0,0,0,0,0,0,0,0
D.Anderson,QB,CAR,17,0,0,0,0,0,0,0,0,0,0,0,0,0,0,0,0,0,0,0,0,0
M.Kalil,OT,CAR,0,0,0,0,0,0,0,0,0,0,0,0,0,0,0,0,0,0,0,0,0,0
D.Byrd,WR,CAR,0,12,0,0,0,0,0,0,0,0,0,0,0,0,0,0,0,0,0,0,0,0
D.Mayo,LB,CAR,0,0,0,0,0,0,0,0,0,0,0,0,0,0,0,0,0,0,0,0,0,0
D.Parry,NT,NO,0,0,0,0,0,0,0,0,0,0,0,0,0,0,0,0,0,0,0,0,0,0
K.Crawley,CB,NO,0,0,0,0,0,0,0,0,0,0,0,1,0,0,0,0,0,0,0,0,0,0
A.Shaheen,TE,CHI,0,0,2,0,0,1,0,0,0,0,0,0,0,0,0,0,0,0,0,0,0,0
C.Whitehair,C,CHI,0,0,0,0,0,0,0,0,0,0,0,0,0,0,0,0,0,0,0,0,0,0
B.Massie,OT,CHI,0,0,0,0,0,0,0,0,0,0,0,0,0,0,0,0,0,0,0,0,0,0
S.McManis,CB,CHI,0,0,0,0,0,0,0,0,0,0,0,0,0,0,0,0,0,0,0,0,0,0
J.Timu,ILB,CHI,0,0,0,0,0,0,0,0,0,0,0,0,0,0,0,0,0,0,0,0,0,0
P.Amukamara,DB,CHI,0,0,0,0,0,0,0,0,0,0,0,0,0,0,0,0,0,0,0,0,0,0
D.McCullers,NT,PIT,0,0,0,0,0,0,0,0,0,0,0,0,0,0,0,0,0,0,0,0,0,0
Z.Zenner,RB,DET,0,16,0,0,1,0,0,0,0,0,0,0,0,0,0,0,0,0,0,0,0,0
C. Washington,DB,DET,0,0,0,0,0,0,0,0,0,0,0,0,0,0,0,0,0,0,0,0,0,0
N.Bellore,MLB,DET,0,0,0,0,0,0,0,0,0,0,0,0,0,0,0,0,0,0,0,0,0,0
J.Vellano,,ATL,0,0,0,0,0,0,0,0,0,0,0,0,0,0,0,0,0,0,0,0,0,0
G.Jarrett,DT,ATL,0,0,0,0,0,0,0,0,0,0,0,0,0,0,0,0,0,0,0,0,0,0
M.Jones,RB,IND,0,14,0,0,0,0,0,0,0,0,0,0,0,0,0,0,0,0,0,0,0,0
D.Daniels,TE,IND,0,0,19,0,0,0,0,0,0,0,0,0,0,0,0,0,0,0,0,0,0,0
T.Basham,LB,IND,0,0,0,0,0,0,0,0,0,0,0,0,0,0,0,0,0,0,0,0,0,0
P.Desir,CB,IND,0,0,0,0,0,0,0,0,0,0,0,0,0,0,0,0,0,0,0,0,0,0
K.Zeitler,OG,CLE,0,0,-4,0,0,0,0,0,0,0,0,0,0,0,0,0,0,0,0,0,0,0
J.Leslie,WR,CLE,0,0,26,0,0,0,0,0,0,0,0,0,0,0,0,0,0,0,0,0,0,0
K.Williams,WR,CLE,0,0,84,0,0,0,0,0,0,0,0,0,0,0,0,0,0,0,0,0,0,0
I.Campbell,SS,CLE,0,0,0,0,0,0,0,0,0,0,0,0,0,0,0,0,0,0,0,0,0,0
J.Kearse,SS,MIN,0,0,0,0,0,0,0,0,0,0,0,0,0,0,0,0,0,0,0,0,0,0
C.Godwin,WR,TB,0,0,61,0,0,0,0,0,0,0,0,0,0,0,0,0,0,0,0,0,0,0
W.Clarke,DE,TB,0,0,0,0,0,0,0,0,0,0,0,0,0,0,0,0,0,0,0,0,0,0
S.Siliga,DT,TB,0,0,0,0,0,0,0,0,0,0,0,0,0,0,0,0,0,0,0,0,0,0
R.Ayers Jr.,DE,TB,0,0,0,0,0,0,0,0,0,0,0,0,0,0,0,0,0,0,0,0,0,0
S.Mason,OG,NE,0,0,0,0,0,0,0,0,0,0,0,0,0,0,0,0,0,0,0,0,0,0
M.Flowers,LB,NE,0,0,0,0,0,0,0,0,0,0,0,0,0,0,0,0,0,0,0,0,0,0
B.Ellington,WR,HOU,0,12,155,0,0,1,0,0,0,0,0,0,0,0,0,0,0,0,0,0,0,0
R.Griffin,TE,HOU,0,0,148,0,0,1,0,0,0,0,0,0,0,0,0,0,0,0,0,0,0,0
C.Clark,OT,HOU,0,0,0,0,0,0,0,0,0,0,0,0,0,0,0,0,0,0,0,0,0,0
J.Todman,RB,HOU,0,0,0,0,0,0,0,0,0,0,0,0,0,0,0,0,0,0,0,0,0,0
J.Banks,,HOU,0,0,0,0,0,0,0,0,0,0,0,0,0,0,0,0,0,0,0,0,0,0
A.Seferian-Jenkins,TE,NYJ,0,0,152,0,0,2,0,0,0,0,1,0,0,0,0,0,0,0,0,0,0,0
L.Thomas,FB,NYJ,0,0,20,0,0,0,0,0,0,0,0,0,0,0,0,0,0,0,0,0,0,0
D.Williams,RB,MIA,0,30,33,0,0,0,0,0,0,0,0,0,0,0,0,0,0,0,0,0,0,0
M.Thomas,FS,MIA,0,0,0,0,0,0,0,0,0,0,0,0,0,0,0,0,0,0,0,0,0,0
C.Clement,RB,PHI,0,71,22,0,1,0,0,0,0,0,0,0,0,0,0,0,0,0,0,0,0,0
C.Maragos,FS,PHI,0,0,0,0,0,0,0,0,0,0,0,0,0,0,0,0,0,0,0,0,0,0
J.Walker,ILB,PHI,0,0,0,0,0,0,0,0,0,0,0,0,0,0,0,0,0,0,0,0,0,0
K.Robinson,LB,NYG,0,0,0,0,0,0,0,0,0,0,0,0,0,0,0,0,0,0,0,0,0,0
P.Supernaw,TE,TEN,0,0,19,0,0,1,0,0,0,0,0,0,0,0,0,0,0,0,0,0,0,0
D.King,DE,TEN,0,0,0,0,0,0,0,0,0,0,0,0,0,0,0,0,0,0,0,0,0,0
K.Dodd,OLB,TEN,0,0,0,0,0,0,0,0,0,0,0,0,0,0,0,0,0,0,0,0,0,0
J.Britt,C,SEA,0,0,0,0,0,0,0,0,0,0,0,0,0,0,0,0,0,0,0,0,0,0
G.Smith,DT,SEA,0,0,0,0,0,0,0,0,0,0,0,0,0,0,0,0,0,0,0,0,0,0
B.McDougald,DB,SEA,0,0,0,0,0,0,0,0,0,0,0,0,0,0,0,0,0,0,0,0,0,0
C.Odom,LB,GB,0,0,0,0,0,0,0,0,0,0,0,0,0,0,0,0,0,0,0,0,0,0
M.Evans,DB,GB,0,0,0,0,0,0,0,0,0,0,0,0,0,0,0,0,0,0,0,0,0,0
C.Lawson,DE,CIN,0,0,0,0,0,0,0,0,0,0,0,0,0,3.5,0,0,0,0,0,0,0,0
D.Inman,WR,LAC,0,0,9,0,0,0,0,0,0,0,0,0,0,0,0,0,0,0,0,0,0,0
D.Robinson,WR,KC,0,0,41,0,0,0,0,0,0,0,0,0,0,0,0,0,0,0,0,0,0,0
Z.Fulton,C,KC,0,0,0,0,0,0,0,0,0,0,0,0,0,0,0,0,0,0,0,0,0,0
K.Pierre-Louis,LB,KC,0,0,0,0,0,0,0,0,0,0,0,0,0,0,0,0,0,0,0,0,0,0
M.Brown,RB,WAS,0,29,11,0,0,0,0,0,0,0,0,0,0,0,0,0,0,0,0,0,0,0
J.Doctson,WR,WAS,0,0,90,0,0,2,0,0,0,0,0,0,0,0,0,0,0,0,0,0,0,0
N.Paul,TE,WAS,0,-1,-3,0,0,0,0,0,0,0,0,0,0,0,0,0,0,0,0,0,0,0
M.Spaight,ILB,WAS,0,0,0,0,0,0,0,0,0,0,0,0,0,0,0,0,0,0,0,0,0,0
W.Compton,ILB,WAS,0,0,0,0,0,0,0,0,0,0,0,0,0,0,0,0,0,0,0,0,0,0
Q.Dunbar,CB,WAS,0,0,0,0,0,0,0,0,0,0,0,0,0,0,0,0,0,0,0,0,0,0
R.Anderson,OLB,WAS,0,0,0,0,0,0,0,0,0,0,0,0,0,0,0,0,0,0,0,0,0,0
F.Moreau,CB,WAS,0,0,0,0,0,0,0,0,0,0,0,0,0,0,0,0,0,0,0,0,0,0
R.Nkemdiche,DT,ARI,0,0,0,0,0,0,0,0,0,0,0,0,0,0,0,0,0,0,0,0,0,0
N.Brown,WR,DAL,0,0,13,0,0,0,0,0,0,0,0,0,0,0,0,0,0,0,0,0,0,0
X.Woods,SAF,DAL,0,0,0,0,0,0,0,0,0,0,0,0,0,0,0,0,0,0,0,0,0,0
D.Moore,,DAL,0,0,0,0,0,0,0,0,0,0,0,0,0,0,0,0,0,0,0,0,0,0
B.Hundley,QB,GB,157,3,0,1,0,0,0,0,0,0,0,0,0,0,0,0,0,0,0,0,0,0
A.Jones,RB,GB,0,215,10,0,2,0,0,0,0,0,0,0,0,0,0,0,0,0,0,0,0,0
J.Hawkins,CB,GB,0,0,0,0,0,0,0,0,0,0,0,0,1,0,0,0,0,0,0,0,0,0
R.Jean Francois,DT,GB,0,0,0,0,0,0,0,0,0,0,0,0,0,0,0,0,0,0,0,0,0,0
A.Amos,SS,CHI,0,0,0,0,0,0,0,0,0,0,0,1,0,0,0,0,0,0,0,0,0,0
J.James,OT,MIA,0,0,0,0,0,0,0,0,0,0,0,0,0,0,0,0,0,0,0,0,0,0
A.Verner,DB,MIA,0,0,0,0,0,0,0,0,0,0,0,0,0,0,0,0,0,0,0,0,0,0
C.Tankersley,CB,MIA,0,0,0,0,0,0,0,0,0,0,0,0,0,0,0,0,0,0,0,0,0,0
L.Timmons,OLB,MIA,0,0,0,0,0,0,0,0,0,0,0,0,0,0,0,0,0,0,0,0,0,0
M.Unger,C,NO,0,0,0,0,0,0,0,0,0,0,0,0,0,0,0,0,0,0,0,0,0,0
N.Williams,WR,ATL,0,0,30,0,0,0,0,0,0,0,0,0,0,0,0,0,0,0,0,0,0,0
D.Coleman,FB,ATL,0,0,11,0,0,0,0,0,0,0,0,0,0,0,0,0,0,0,0,0,0,0
L.Toilolo,TE,ATL,0,0,21,0,0,0,0,0,0,0,0,0,0,0,0,0,0,0,0,0,0,0
J.Matthews,OT,ATL,0,0,0,0,0,0,0,0,0,0,0,0,0,0,0,0,0,0,0,0,0,0
B.Garland,OG,ATL,0,0,0,0,0,0,0,0,0,0,0,0,0,0,0,0,0,0,0,0,0,0
S.Neasman,DB,ATL,0,0,0,0,0,0,0,0,0,0,0,0,0,0,0,0,0,0,0,0,0,0
D.Dawkins,OT,BUF,0,0,0,0,0,0,0,0,0,0,0,0,0,0,0,0,0,0,0,0,0,0
T.Jones,RB,BUF,0,0,0,0,0,0,0,0,0,0,0,0,0,0,0,0,0,0,0,0,0,0
M.Milano,OLB,BUF,0,0,0,0,0,0,0,0,0,0,0,0,0,0,0,0,0,0,0,0,0,0
J.Worthy,DT,BUF,0,0,0,0,0,0,0,0,0,0,0,0,0,0,0,0,0,0,0,0,0,0
D.Heyward-Bey,WR,PIT,0,3,0,0,0,0,0,0,0,0,0,0,0,0,0,0,0,0,0,0,0,0
J.Hunter,WR,PIT,0,0,11,0,0,0,0,0,0,0,0,0,0,0,0,0,0,0,0,0,0,0
T.Matakevich,OLB,PIT,0,0,0,0,0,0,0,0,0,0,0,0,0,0,0,0,0,0,0,0,0,0
J.Tretter,C,CLE,0,0,0,0,0,0,0,0,0,0,0,0,0,0,0,0,0,0,0,0,0,0
M.Jordan,CB,CLE,0,0,0,0,0,0,0,0,0,0,0,0,0,0,0,0,0,0,0,0,0,0
C.Brantley,DT,CLE,0,0,0,0,0,0,0,0,0,0,0,0,0,1,0,0,0,0,0,0,0,0
C.Uzomah,TE,CIN,0,0,32,0,0,0,0,0,0,0,0,0,0,0,0,0,0,0,0,0,0,0
R.Hewitt,TE,CIN,0,0,16,0,0,0,0,0,0,0,0,0,0,0,0,0,0,0,0,0,0,0
R.Bodine,C,CIN,0,0,0,0,0,0,0,0,0,0,0,0,0,0,0,0,0,0,0,0,0,0
K.Russell,CB,CIN,0,0,0,0,0,0,0,0,0,0,0,0,0,0,0,0,0,0,0,0,0,0
V.Burfict,OLB,CIN,0,0,0,0,0,0,0,0,0,0,0,0,0,1,0,0,0,0,0,0,0,0
J.Hanna,TE,DAL,0,0,28,0,0,1,0,0,0,0,0,0,0,0,0,0,0,0,0,0,0,0
A.Blue,RB,HOU,0,12,0,0,0,0,0,0,0,0,0,0,0,0,0,0,0,0,0,0,0,0
W.Fuller V,WR,HOU,0,9,154,0,0,5,0,0,0,0,0,0,0,0,0,0,0,0,0,0,0,0
C.Thompson,WR,HOU,0,0,19,0,0,0,0,0,0,0,0,0,0,0,0,0,0,0,0,0,0,0
C.Watkins,DT,HOU,0,0,0,0,0,0,0,0,0,0,0,0,0,0,0,0,0,0,0,0,0,0
M.Cassel,QB,TEN,162,0,0,1,0,0,0,0,0,0,2,0,0,0,0,0,0,0,0,0,0,0
N.Palmer,LB,TEN,0,0,0,0,0,0,0,0,0,0,0,0,0,0,0,0,0,0,0,0,0,0
B.Bell,TE,MIN,0,0,12,0,0,0,0,0,0,0,0,0,0,0,0,0,0,0,0,0,0,0
M.Roberts,TE,DET,0,0,15,0,0,0,0,0,0,0,0,0,0,0,0,0,0,0,0,0,0,0
G.Johnson,,DET,0,0,0,0,0,0,0,0,0,0,0,0,0,0,0,0,0,0,0,0,0,0
S.Longa,OLB,DET,0,0,0,0,0,0,0,0,0,0,0,0,0,0,0,0,0,0,0,0,0,0
D.Cox,DB,CAR,0,0,0,0,0,0,0,0,0,0,0,0,0,0,0,0,0,0,0,0,0,0
K.Seymour,CB,CAR,0,0,0,0,0,0,0,0,0,0,0,0,0,0,0,0,0,0,0,0,0,0
M.Williams,CB,NYJ,0,0,31,0,0,0,0,0,0,0,0,0,0,0,0,0,0,0,0,0,0,0
R.Miles,FS,NYJ,0,0,0,0,0,0,0,0,0,0,0,0,0,0,0,0,0,0,0,0,0,0
E.Penny,RB,ARI,0,1,6,0,0,0,0,0,0,0,0,0,0,0,0,0,0,0,0,0,0,0
R.Gunter,DE,ARI,0,0,0,0,0,0,0,0,0,0,0,0,0,0,0,0,0,0,0,0,0,0
D.Bucannon,ILB,ARI,0,0,0,0,0,0,0,0,0,0,0,0,0,0,0,0,0,0,0,0,0,0
J.Staley,OT,SF,0,0,0,0,0,0,0,0,0,0,0,0,0,0,0,0,0,0,0,0,0,0
E.Dumervil,DE,SF,0,0,0,0,0,0,0,0,0,0,0,0,0,3.5,0,0,0,0,0,0,0,0
L.Jerome,DEF,SF,0,0,0,0,0,0,0,0,0,0,0,0,0,0,0,0,0,0,0,0,0,0
K.Barner,RB,PHI,0,30,9,0,0,0,0,0,0,0,0,0,0,0,0,0,0,0,0,0,0,0
C.Baker,DT,TB,0,0,0,0,0,0,0,0,0,0,0,0,0,0,0,0,0,0,0,0,0,0
J.Evans,SS,TB,0,0,0,0,0,0,0,0,0,0,0,1,0,0,0,0,0,0,0,0,0,0
W.Gallman,RB,NYG,0,126,38,0,0,1,0,0,0,0,0,0,0,0,0,0,0,0,0,0,0,0
D.Booker,RB,DEN,0,16,78,0,0,0,0,0,0,0,0,0,0,0,0,0,0,0,0,0,0,0
J.Taylor,WR,DEN,0,0,26,0,0,0,0,0,0,0,0,0,0,0,0,0,0,0,0,0,0,0
E.Manuel,QB,OAK,265,15,0,1,0,0,0,0,0,0,0,0,0,0,0,0,0,0,0,0,0,0
J.Olawale,FB,OAK,0,15,13,0,0,0,0,0,0,0,0,0,0,0,0,0,0,0,0,0,0,0
J.Feliciano,OG,OAK,0,0,0,0,0,0,0,0,0,0,0,0,0,0,0,0,0,0,0,0,0,0
J.McKissic,RB,SEA,0,38,63,0,1,1,0,0,0,0,0,0,0,0,0,0,0,0,0,0,0,0
G.Stewart,DT,IND,0,0,0,0,0,0,0,0,0,0,0,0,0,0,0,0,0,0,0,0,0,0
V.Davis,CB,IND,0,0,0,0,0,0,0,0,0,0,0,0,0,0,0,0,0,0,0,0,0,0
H.Butker,K,KC,0,0,0,0,0,0,10,1,6,0,0,0,0,0,0,0,0,0,0,0,0,0
R.Ragland,ILB,KC,0,0,0,0,0,0,0,0,0,0,0,0,0,0,0,0,0,0,0,0,0,0
J.Jenkins,DT,KC,0,0,0,0,0,0,0,0,0,0,0,0,0,0,0,0,0,0,0,0,0,0
E.Hood,NT,WAS,0,0,0,0,0,0,0,0,0,0,0,0,0,0,0,0,0,0,0,0,0,0
S.McClure,DB,WAS,0,0,0,0,0,0,0,0,0,0,0,0,0,0,0,0,0,0,0,0,0,0
D.Martin,RB,TB,0,127,19,0,2,0,0,0,0,0,0,0,0,0,0,0,0,0,0,0,0,0
D.Bond,OLB,TB,0,0,0,0,0,0,0,0,0,0,0,0,0,0,0,0,0,0,0,0,0,0
L.Thomas,TE,BUF,0,0,3,0,0,0,0,0,0,0,0,0,0,0,0,0,0,0,0,0,0,0
J.Mills,OT,BUF,0,0,0,0,0,0,0,0,0,0,0,0,0,0,0,0,0,0,0,0,0,0
B.Treggs,WR,CLE,0,0,48,0,0,0,0,0,0,0,0,0,0,0,0,0,0,0,0,0,0,0
M.Garrett,DE,CLE,0,0,0,0,0,0,0,0,0,0,0,0,0,3,0,0,0,0,0,0,0,0
F.Bishop,OLB,NYJ,0,0,0,0,0,0,0,0,0,0,0,0,0,0,0,0,0,0,0,0,0,0
J.Abbrederis,WR,DET,0,0,44,0,0,0,0,0,0,0,0,0,0,0,0,0,0,0,0,0,0,0
G.Robinson,OT,DET,0,0,0,0,0,0,0,0,0,0,0,0,0,0,0,0,0,0,0,0,0,0
J.Byrd,DB,CAR,0,0,0,0,0,0,0,0,0,0,0,0,0,0,0,0,0,0,0,0,0,0
C.Jones,FS,CAR,0,0,0,0,0,0,0,0,0,0,0,0,0,0,0,0,0,0,0,0,0,0
K.Hogan,WR,IND,0,0,0,0,0,0,0,0,0,0,0,0,0,0,0,0,0,0,0,0,0,0
A.Witherspoon,CB,SF,0,0,0,0,0,0,0,0,0,0,0,0,0,0,0,0,0,0,0,0,0,0
M.Gray,TE,MIA,0,0,0,0,0,0,0,0,0,0,0,0,0,0,0,0,0,0,0,0,0,0
R.Maualuga,OLB,MIA,0,0,0,0,0,0,0,0,0,0,0,0,0,0,0,0,0,0,0,0,0,0
S.Pulley,C,LAC,0,0,0,0,0,0,0,0,0,0,0,0,0,0,0,0,0,0,0,0,0,0
N.Novak,K,LAC,0,0,0,0,0,0,3,1,5,0,0,0,0,0,0,0,0,0,0,0,0,0
M.Johnson,WR,PHI,0,0,22,0,0,0,0,0,0,0,0,0,0,0,0,0,0,0,0,0,0,0
K.Grugier-Hill,OLB,PHI,0,0,0,0,0,0,0,0,0,0,0,0,0,0,0,0,0,0,0,0,0,0
E.Qualls,DT,PHI,0,0,0,0,0,0,0,0,0,0,0,0,0,0,0,0,0,0,0,0,0,0
K.Martin,LB,ARI,0,0,0,0,0,0,0,0,0,0,0,0,0,0,0,0,0,0,0,0,0,0
R.Golden,SS,PIT,0,0,0,0,0,0,0,0,0,0,0,0,0,0,0,0,0,0,0,0,0,0
M.McCaffrey,WR,JAX,0,0,4,0,0,0,0,0,0,0,0,0,0,0,0,0,0,0,0,0,0,0
M.Christian,DB,LA,0,0,0,0,0,0,0,0,0,0,0,0,0,0,0,0,0,0,0,0,0,0
T.McEvoy,WR,SEA,0,0,0,0,0,0,0,0,0,0,0,0,0,0,0,0,0,0,0,0,0,0
N.Thorpe,DB,SEA,0,0,0,0,0,0,0,0,0,0,0,0,0,0,0,0,0,0,0,0,0,0
E.Pocic,C,SEA,0,0,0,0,0,0,0,0,0,0,0,0,0,0,0,0,0,0,0,0,0,0
B.Jackson,DE,SEA,0,0,0,0,0,0,0,0,0,0,0,0,0,0,0,0,0,0,0,0,0,0
D.Latham,DT,OAK,0,0,0,0,0,0,0,0,0,0,0,0,0,0,0,0,0,0,0,0,0,0
V.Mayle,WR,BAL,0,2,0,0,1,0,0,0,0,0,0,0,0,0,0,0,0,0,0,0,0,0
C.Wormley,DE,BAL,0,0,0,0,0,0,0,0,0,0,0,0,0,0,0,0,0,0,0,0,0,0
K.Smith,FB,DAL,0,0,10,0,0,0,0,0,0,0,0,0,0,0,0,0,0,0,0,0,0,0
T.Frederick,C,DAL,0,0,0,0,0,0,0,0,0,0,1,0,0,0,0,0,0,0,0,0,0,0
J.Cooper,OG,DAL,0,0,0,0,0,0,0,0,0,0,0,0,0,0,0,0,0,0,0,0,0,0
A.Hitchens,MLB,DAL,0,0,0,0,0,0,0,0,0,0,0,0,0,0,0,0,0,0,0,0,0,0
D.Irving,DT,DAL,0,0,0,0,0,0,0,0,0,0,0,0,0,2,0,0,0,0,0,0,0,0
J.Janis,WR,GB,0,0,0,0,0,0,0,0,0,0,0,0,0,0,0,0,0,0,0,0,0,0
U.Kamalu,LB,HOU,0,0,0,0,0,0,0,0,0,0,0,0,0,1,0,0,0,0,0,0,0,0
R.Travis,TE,KC,0,0,26,0,0,0,0,0,0,0,0,0,0,0,0,0,0,0,0,0,0,0
M.Trubisky,QB,CHI,241,54,0,2,0,0,0,0,0,0,2,0,0,0,0,0,0,0,0,0,0,0
M.Wheaton,WR,CHI,0,0,4,0,0,0,0,0,0,0,0,0,0,0,0,0,0,0,0,0,0,0
T.McBride,WR,CHI,0,0,18,0,0,0,0,0,0,0,0,0,0,0,0,0,0,0,0,0,0,0
M.Floyd,WR,MIN,0,0,24,0,0,0,0,0,0,0,0,0,0,0,0,0,0,0,0,0,0,0
J.Hamilton,DT,PHI,0,0,0,0,0,0,0,0,0,0,0,0,0,0.5,0,0,0,0,0,0,0,0
M.Hall,WR,ATL,0,0,40,0,0,1,0,0,0,0,0,0,0,0,0,0,0,0,0,0,0,0
C.Moore,WR,BAL,0,0,44,0,0,0,0,0,0,0,0,0,0,0,0,0,0,0,0,0,0,0
B.Rainey,RB,BAL,0,0,11,0,0,0,0,0,0,0,0,0,0,0,0,0,0,1,0,0,0,0
B.Kaufusi,DE,BAL,0,0,0,0,0,0,0,0,0,0,0,0,0,0,0,0,0,0,0,0,0,0
J.Prosch,FB,HOU,0,0,18,0,0,0,0,0,0,0,0,0,0,0,0,0,0,0,0,0,0,0
T.Decoud,CB,HOU,0,0,0,0,0,0,0,0,0,0,0,0,0,0,0,0,0,0,0,0,0,0
M.Burley,,HOU,0,0,0,0,0,0,0,0,0,0,0,0,0,0,0,0,0,0,0,0,0,0
L.Houston,LB,HOU,0,0,0,0,0,0,0,0,0,0,0,0,1,1,0,0,0,0,0,0,0,0
K.Drummond,FS,HOU,0,0,0,0,0,0,0,0,0,0,0,0,0,1,0,0,0,0,0,0,0,0
D.Vitale,FB,CLE,0,0,7,0,0,0,0,0,0,0,0,0,0,0,0,0,0,0,0,0,0,0
S.Coates,WR,CLE,0,0,11,0,0,0,0,0,0,0,0,0,0,0,0,0,0,0,0,0,0,0
S.Coley,WR,MIN,0,0,0,0,0,0,0,0,0,0,0,0,0,0,0,0,0,0,0,0,0,0
E.Lamur,LB,MIN,0,0,0,0,0,0,0,0,0,0,0,0,0,0,0,0,0,0,0,0,0,0
A.Harris,FS,MIN,0,0,0,0,0,0,0,0,0,0,0,0,0,0,0,0,0,0,0,0,0,0
J.Johnson,DT,MIN,0,0,0,0,0,0,0,0,0,0,0,0,0,0,0,0,0,0,0,0,0,0
L.Pipkins,CB,GB,0,0,0,0,0,0,0,0,0,0,0,0,0,0,0,0,0,0,0,0,0,0
W.Snead,WR,NO,0,0,11,0,0,0,0,0,0,0,0,0,0,0,0,0,0,0,0,0,0,0
T.Cadet,,NYJ,0,3,26,0,0,0,0,0,0,0,0,0,0,0,0,0,0,0,0,0,0,0
J.Bademosi,DB,NE,0,0,0,0,0,0,0,0,0,0,0,0,0,0,0,0,0,0,0,0,0,0
T.Williams,OT,WAS,0,0,0,0,0,0,0,0,0,0,0,0,0,0,0,0,0,0,0,0,0,0
C.Beathard,QB,SF,245,14,0,1,0,0,0,0,0,0,0,0,0,0,0,0,0,0,0,0,0,0
E.Watford,OG,ARI,0,0,0,0,0,0,0,0,0,0,0,0,0,0,0,0,0,0,0,0,0,0
T.Williams,DB,ARI,0,0,0,0,0,0,0,0,0,0,0,1,0,0,0,0,0,0,0,0,0,0
L.Stocker,TE,TB,0,0,5,0,0,0,0,0,0,0,0,0,0,0,0,0,0,0,0,0,0,0
P.Murray,K,TB,0,0,0,0,0,0,0,0,1,0,0,0,0,0,0,0,0,0,0,0,0,0
B.Koyack,TE,JAX,0,0,21,0,0,0,0,0,0,0,0,0,0,0,0,0,0,0,0,0,0,0
P.Omameh,OG,JAX,0,0,0,0,0,0,0,0,0,0,0,0,0,0,0,0,0,0,0,0,0,0
C.Robinson,OT,JAX,0,0,0,0,0,0,0,0,0,0,0,0,0,0,0,0,0,0,0,0,0,0
V.McDonald,TE,PIT,0,0,26,0,0,0,0,0,0,0,0,0,0,0,0,0,0,0,0,0,0,0
J.Harrison,OLB,PIT,0,0,0,0,0,0,0,0,0,0,0,0,0,1,0,0,0,0,0,0,0,0
R.Hudson,C,OAK,0,0,0,0,0,0,0,0,0,0,0,0,0,0,0,0,0,0,0,0,0,0
X.Woodson-Luster,LB,OAK,0,0,0,0,0,0,0,0,0,0,0,0,0,0,0,0,0,0,0,0,0,0
K.McGill,SS,OAK,0,0,0,0,0,0,0,0,0,0,0,0,0,0,0,0,0,0,0,0,0,0
M.Williams,WR,LAC,0,0,15,0,0,0,0,0,0,0,0,0,0,0,0,0,0,0,0,0,0,0
B.Osweiler,QB,DEN,18,-1,0,0,0,0,0,0,0,0,0,0,0,0,0,0,0,0,0,0,0,0
B.Langley,CB,DEN,0,0,0,0,0,0,0,0,0,0,0,0,0,0,0,0,0,0,0,0,0,0
D.Walker,DE,DEN,0,0,0,0,0,0,0,0,0,0,0,0,0,0,0,0,0,0,0,0,0,0
T.King,WR,NYG,0,0,7,0,0,0,0,0,0,0,0,0,0,0,0,0,0,0,0,0,0,0
E.Eagan,WR,NYG,0,0,0,0,0,0,0,0,0,0,0,0,0,0,0,0,0,0,0,0,0,0
D.Deayon,DB,NYG,0,0,0,0,0,0,0,0,0,0,0,0,0,0,0,0,0,0,0,0,0,0
A.Moss,DE,NYG,0,0,0,0,0,0,0,0,0,0,0,0,0,0,0,0,0,0,0,0,0,0
N.Berhe,FS,NYG,0,0,0,0,0,0,0,0,0,0,0,0,0,0,0,0,0,0,0,0,0,0
