Name,Position,Team,Passing_Yards,Rushing_Yards,Receiving_Yards,Passing_TDs,Rushing_TDs,Receiving_TD,FG_Made,FG_Missed,Extra_Points_Made,Interceptions_Thrown,Fumbles_Lost,Interceptions,Forced_Fumbles,Sacks,Blocked_Kicks,Blocked_Punts,Safeties,Kickoff_Return_TD,Punt_Return_TD,Defensive_TD,Rank
T.Brady,QB,NE,1092,15,0,8,0,0,0,0,0,0,1,0,0,0.0,0,0,0,0,0,0,2
D.Lewis,RB,NE,0,28,23,0,0,0,0,0,0,0,0,0,0,0.0,0,0,0,0,0,0,255
R.Burkhead,RB,NE,0,18,49,0,0,1,0,0,0,0,0,0,0,0.0,0,0,0,0,0,0,180
C.Hogan,WR,NE,0,17,154,0,0,3,0,0,0,0,0,0,0,0.0,0,0,0,0,0,0,46
J.White,RB,NE,0,66,126,0,0,0,0,0,0,0,0,0,0,0.0,0,0,0,0,0,0,126
M.Gillislee,RB,NE,0,145,0,0,4,0,0,0,0,0,0,0,0,0.0,0,0,0,0,0,0,40
B.Cooks,WR,NE,0,6,256,0,0,2,0,0,0,0,0,0,0,0.0,0,0,0,0,0,0,41
R.Gronkowski,TE,NE,0,0,238,0,0,2,0,0,0,0,0,0,0,0.0,0,0,0,0,0,0,43
D.Amendola,WR,NE,0,0,148,0,0,0,0,0,0,0,0,0,0,0.0,0,0,0,0,0,0,148
D.McCourty,FS,NE,0,0,0,0,0,0,0,0,0,0,0,0,0,0.0,0,0,0,0,0,0,439
S.Gostkowski,K,NE,0,0,0,0,0,0,5,0,10,0,0,0,0,0.0,0,0,0,0,0,0,8
D.Harris,ILB,NE,0,0,0,0,0,0,0,0,0,0,0,0,0,0.0,0,0,0,0,0,0,439
L.Guy,DE,NE,0,0,0,0,0,0,0,0,0,0,0,0,0,0.0,0,0,0,0,0,0,439
T.Flowers,DE,NE,0,0,0,0,0,0,0,0,0,0,0,0,0,3.0,0,0,0,0,0,0,50
D.Hightower,OLB,NE,0,0,0,0,0,0,0,0,0,0,0,0,0,0.0,0,0,0,0,0,0,439
A.Branch,DT,NE,0,0,0,0,0,0,0,0,0,0,0,0,0,0.0,0,0,0,0,0,0,439
C.Marsh,DE,NE,0,0,0,0,0,0,0,0,0,0,0,0,1,1.0,0,0,0,0,0,0,50
M.Brown,DT,NE,0,0,0,0,0,0,0,0,0,0,0,0,0,0.0,0,0,0,0,0,0,439
K.Van Noy,OLB,NE,0,0,0,0,0,0,0,0,0,0,0,0,0,0.0,0,0,0,0,0,0,439
M.Butler,CB,NE,0,0,0,0,0,0,0,0,0,0,0,0,0,0.0,0,0,0,0,0,0,439
J.Richards,SS,NE,0,0,0,0,0,0,0,0,0,0,0,0,1,0.0,0,0,0,0,0,0,114
S.Gilmore,CB,NE,0,0,0,0,0,0,0,0,0,0,0,1,0,0.0,0,0,0,0,0,0,114
A.Butler,DEF,NE,0,0,0,0,0,0,0,0,0,0,0,0,0,0.0,0,0,0,0,0,0,439
P.Chung,SS,NE,0,0,0,0,0,0,0,0,0,0,0,0,0,0.0,0,0,0,0,0,0,439
D.Wise,DEF,NE,0,0,0,0,0,0,0,0,0,0,0,0,0,2.0,0,0,0,0,0,0,114
E.Rowe,CB,NE,0,0,0,0,0,0,0,0,0,0,0,0,0,0.0,0,0,0,0,0,0,439
A.Smith,QB,KC,774,33,0,7,0,0,0,0,0,0,0,0,0,0.0,0,0,0,0,0,0,5
K.Hunt,RB,KC,0,401,137,0,4,2,0,0,0,0,1,0,0,0.0,0,0,0,0,0,0,1
C.West,RB,KC,0,20,18,0,1,0,0,0,0,0,0,0,0,0.0,0,0,0,0,0,0,201
D.Thomas,WR,KC,0,4,12,0,0,0,0,0,0,0,0,0,0,0.0,0,0,0,0,0,0,320
T.Hill,WR,KC,0,24,253,0,0,2,0,0,0,0,0,0,0,0.0,0,0,0,0,0,0,38
T.Kelce,TE,KC,0,4,144,0,0,1,0,0,0,0,0,0,0,0.0,0,0,0,0,0,0,114
A.Wilson,WR,KC,0,0,77,0,0,1,0,0,0,0,0,0,0,0.0,0,0,0,0,0,0,159
D.Harris,TE,KC,0,0,15,0,0,1,0,0,0,0,0,0,0,0.0,0,0,0,0,0,0,219
C.Conley,WR,KC,0,0,98,0,0,0,0,0,0,0,0,0,0,0.0,0,0,0,0,0,0,201
C.Santos,K,KC,0,0,0,0,0,0,3,0,12,0,0,0,0,0.0,0,0,0,0,0,0,15
R.Miller,DT,KC,0,0,0,0,0,0,0,0,0,0,0,0,0,0.0,0,0,0,0,0,0,439
T.Mitchell,CB,KC,0,0,0,0,0,0,0,0,0,0,0,2,0,0.0,0,0,0,0,0,0,24
P.Gaines,CB,KC,0,0,0,0,0,0,0,0,0,0,0,0,0,0.0,0,0,0,0,0,0,439
E.Murray,CB,KC,0,0,0,0,0,0,0,0,0,0,0,0,0,0.0,0,0,0,0,0,0,439
A.Bailey,DE,KC,0,0,0,0,0,0,0,0,0,0,0,0,0,2.0,0,0,0,0,0,0,114
D.Johnson,ILB,KC,0,0,0,0,0,0,0,0,0,0,0,0,0,0.0,0,0,0,0,0,0,439
M.Peters,CB,KC,0,0,0,0,0,0,0,0,0,0,0,1,0,0.0,0,0,0,0,0,0,114
F.Zombo,OLB,KC,0,0,0,0,0,0,0,0,0,0,0,0,0,0.0,0,0,0,0,0,0,439
R.Parker,SS,KC,0,0,0,0,0,0,0,0,0,0,0,0,0,0.0,0,0,0,0,0,0,439
E.Berry,FS,KC,0,0,0,0,0,0,0,0,0,0,0,0,0,0.0,0,0,0,0,0,0,439
D.Ford,OLB,KC,0,0,0,0,0,0,0,0,0,0,0,0,1,1.0,0,0,0,0,0,0,50
J.Houston,OLB,KC,0,0,0,0,0,0,0,0,0,0,0,0,0,4.0,0,0,0,0,0,0,24
B.Logan,NT,KC,0,0,0,0,0,0,0,0,0,0,0,0,0,1.0,0,0,0,0,0,0,204
D.Sorensen,DB,KC,0,0,0,0,0,0,0,0,0,0,0,0,0,0.0,0,0,0,0,0,0,439
T.Taylor,QB,BUF,562,106,0,4,0,0,0,0,0,0,0,0,0,0.0,0,0,0,0,0,0,24
L.McCoy,RB,BUF,0,140,131,0,0,0,0,0,0,0,0,0,0,0.0,0,0,0,0,0,0,65
M.Tolbert,FB,BUF,0,88,14,0,1,0,0,0,0,0,0,0,0,0.0,0,0,0,0,0,0,139
N.O'Leary,TE,BUF,0,0,53,0,0,0,0,0,0,0,0,0,0,0.0,0,0,0,0,0,0,245
C.Clay,TE,BUF,0,0,115,0,0,2,0,0,0,0,0,0,0,0.0,0,0,0,0,0,0,93
A.Holmes,WR,BUF,0,0,25,0,0,2,0,0,0,0,0,0,0,0.0,0,0,0,0,0,0,148
J.Matthews,WR,BUF,0,0,152,0,0,0,0,0,0,0,0,0,0,0.0,0,0,0,0,0,0,139
Z.Jones,WR,BUF,0,0,39,0,0,0,0,0,0,0,0,0,0,0.0,0,0,0,0,0,0,273
P.DiMarco,FB,BUF,0,0,5,0,0,0,0,0,0,0,0,0,0,0.0,0,0,0,0,0,0,357
S.Hauschka,K,BUF,0,0,0,0,0,0,5,1,5,0,0,0,0,0.0,0,0,0,0,0,0,19
B.Tate,WR,BUF,0,0,0,0,0,0,0,0,0,0,0,0,0,0.0,0,0,0,0,0,0,357
E.Gaines,CB,BUF,0,0,0,0,0,0,0,0,0,0,0,1,0,0.0,0,0,0,0,0,0,114
P.Brown,MLB,BUF,0,0,0,0,0,0,0,0,0,0,0,0,0,0.0,0,0,0,0,0,0,439
M.Hyde,SS,BUF,0,0,0,0,0,0,0,0,0,0,0,1,0,0.0,0,0,0,0,0,0,114
L.Alexander,LB,BUF,0,0,0,0,0,0,0,0,0,0,0,0,0,2.0,0,0,0,0,0,0,114
L.Johnson,RB,BUF,0,0,0,0,0,0,0,0,0,0,0,0,0,0.0,0,0,0,0,0,0,357
R.Humber,LB,BUF,0,0,0,0,0,0,0,0,0,0,0,0,0,0.0,0,0,0,0,0,0,439
T.White,DEF,BUF,0,0,0,0,0,0,0,0,0,0,0,1,0,0.0,0,0,0,0,0,0,114
E.Yarbrough,DEF,BUF,0,0,0,0,0,0,0,0,0,0,0,0,0,1.0,0,0,0,0,0,0,204
S.Lawson,DE,BUF,0,0,0,0,0,0,0,0,0,0,0,0,0,2.0,0,0,0,0,0,0,114
A.Washington,DT,BUF,0,0,0,0,0,0,0,0,0,0,0,0,0,0.0,0,0,0,0,0,0,439
K.Williams,DT,BUF,0,0,0,0,0,0,0,0,0,0,0,0,0,1.0,0,0,0,0,0,0,204
J.Hughes,DE,BUF,0,0,0,0,0,0,0,0,0,0,0,0,0,2.0,0,0,0,0,0,0,114
J.Poyer,FS,BUF,0,0,0,0,0,0,0,0,0,0,0,1,0,2.0,0,0,0,0,0,0,24
J.McCown,QB,NYJ,602,38,0,3,1,0,0,0,0,0,1,0,0,0.0,0,0,0,0,0,0,29
M.Forte,RB,NYJ,0,94,58,0,0,0,0,0,0,0,0,0,0,0.0,0,0,0,0,0,0,148
B.Powell,RB,NYJ,0,72,17,0,1,0,0,0,0,0,0,0,0,0.0,0,0,0,0,0,0,148
W.Tye,TE,NYJ,0,0,38,0,0,0,0,0,0,0,0,0,0,0.0,0,0,0,0,0,0,273
J.Kearse,WR,NYJ,0,0,165,0,0,2,0,0,0,0,0,0,0,0.0,0,0,0,0,0,0,60
A.Stewart,WR,NYJ,0,0,34,0,0,0,0,0,0,0,0,0,0,0.0,0,0,0,0,0,0,273
E.Tomlinson,WR,NYJ,0,0,25,0,0,0,0,0,0,0,0,0,0,0.0,0,0,0,0,0,0,297
R.Anderson,WR,NYJ,0,0,145,0,0,1,0,0,0,0,0,0,0,0.0,0,0,0,0,0,0,114
K.Raymond,WR,NYJ,0,0,0,0,0,0,0,0,0,0,1,0,0,0.0,0,0,0,0,0,0,395
C.Catanzaro,K,NYJ,0,0,0,0,0,0,6,1,4,0,0,0,0,0.0,0,0,0,0,0,0,15
D.Davis,LB,NYJ,0,0,0,0,0,0,0,0,0,0,0,0,0,0.5,0,0,0,0,0,0,204
J.Stanford,LB,NYJ,0,0,0,0,0,0,0,0,0,0,0,0,0,0.0,0,0,0,0,0,0,439
D.Lee,OLB,NYJ,0,0,0,0,0,0,0,0,0,0,0,0,0,1.0,0,0,0,0,0,0,204
M.Pennel,DE,NYJ,0,0,0,0,0,0,0,0,0,0,0,0,0,0.0,0,0,0,0,0,0,439
J.Jenkins,OLB,NYJ,0,0,0,0,0,0,0,0,0,0,0,0,0,0.0,0,0,0,0,0,0,439
J.Martin,LB,NYJ,0,0,0,0,0,0,0,0,0,0,0,0,0,0.5,0,0,0,0,0,0,204
S.McLendon,DT,NYJ,0,0,0,0,0,0,0,0,0,0,0,0,0,0.0,0,0,0,0,0,0,439
B.Skrine,DB,NYJ,0,0,0,0,0,0,0,0,0,0,0,0,1,1.0,0,0,0,0,0,0,50
M.Maye,DEF,NYJ,0,0,0,0,0,0,0,0,0,0,0,0,0,0.0,0,0,0,0,0,0,439
M.Wilkerson,DE,NYJ,0,0,0,0,0,0,0,0,0,0,0,0,0,0.0,0,0,0,0,0,0,439
T.Brooks,DB,NYJ,0,0,0,0,0,0,0,0,0,0,0,2,0,0.0,0,0,0,0,0,0,24
Ja.Adams,DEF,NYJ,0,0,0,0,0,0,0,0,0,0,0,0,0,1.0,0,0,0,0,0,0,204
K.Ealy,DE,NYJ,0,0,0,0,0,0,0,0,0,0,0,0,0,0.0,0,0,0,0,0,0,439
L.Williams,DT,NYJ,0,0,0,0,0,0,0,0,0,0,0,0,0,0.0,0,0,0,0,0,0,439
J.Burris,CB,NYJ,0,0,0,0,0,0,0,0,0,0,0,1,0,0.0,0,0,0,0,0,0,114
C.Pelon,DEF,NYJ,0,0,0,0,0,0,0,0,0,0,0,0,0,0.0,0,0,0,0,0,0,439
D.Donahue,DEF,NYJ,0,0,0,0,0,0,0,0,0,0,0,0,0,0.0,0,0,0,0,0,0,439
M.Claiborne,CB,NYJ,0,0,0,0,0,0,0,0,0,0,0,0,0,0.0,0,0,0,0,0,0,439
M.Glennon,QB,CHI,615,4,0,3,0,0,0,0,0,0,1,0,0,0.0,0,0,0,0,0,0,46
M.Burton,FB,CHI,0,7,0,0,0,0,0,0,0,0,0,0,0,0.0,0,0,0,0,0,0,357
T.Cohen,RB,CHI,0,157,126,0,0,1,0,0,0,0,1,0,0,0.0,0,0,0,0,0,0,51
Jo.Howard,RB,CHI,0,197,40,0,3,0,0,0,0,0,1,0,0,0.0,0,0,0,0,0,0,38
K.White,WR,CHI,0,0,6,0,0,0,0,0,0,0,0,0,0,0.0,0,0,0,0,0,0,357
D.Sims,TE,CHI,0,0,31,0,0,0,0,0,0,0,0,0,0,0.0,0,0,0,0,0,0,273
Z.Miller,TE,CHI,0,0,98,0,0,0,0,0,0,0,0,0,0,0.0,0,0,0,0,0,0,201
J.Bellamy,WR,CHI,0,0,78,0,0,0,0,0,0,0,0,0,0,0.0,0,0,0,0,0,0,219
K.Wright,WR,CHI,0,0,103,0,0,0,0,0,0,0,0,0,0,0.0,0,0,0,0,0,0,191
D.Thompson,WR,CHI,0,0,81,0,0,1,0,0,0,0,0,0,0,0.0,0,0,0,0,0,0,148
R.Robertson-Harris,DEF,CHI,0,0,0,0,0,0,0,0,0,0,0,0,0,0.0,0,0,0,0,0,0,439
C.Barth,K,CHI,0,0,0,0,0,0,2,1,5,0,0,0,0,0.0,0,0,0,0,0,0,32
B.Cunningham,RB,CHI,0,0,23,0,0,0,0,0,0,0,0,0,0,0.0,0,0,0,0,0,0,297
L.Floyd,OLB,CHI,0,0,0,0,0,0,0,0,0,0,0,0,0,0.0,0,0,0,0,0,0,439
N.Kwiatkoski,ILB,CHI,0,0,0,0,0,0,0,0,0,0,0,0,0,0.0,0,0,0,0,0,0,439
M.Cooper,DB,CHI,0,0,0,0,0,0,0,0,0,0,0,0,0,0.0,0,0,0,0,0,0,439
J.Freeman,LB,CHI,0,0,0,0,0,0,0,0,0,0,0,0,0,0.0,0,0,0,0,0,0,439
W.Young,OLB,CHI,0,0,0,0,0,0,0,0,0,0,0,0,0,2.0,0,0,0,0,0,0,114
S.Acho,OLB,CHI,0,0,0,0,0,0,0,0,0,0,0,0,0,0.0,0,0,0,0,0,0,439
A.Hicks,DE,CHI,0,0,0,0,0,0,0,0,0,0,0,0,0,2.0,0,0,0,0,0,0,114
K.Fuller,CB,CHI,0,0,0,0,0,0,0,0,0,0,0,0,0,0.0,0,0,0,0,0,0,439
M.Unrein,DE,CHI,0,0,0,0,0,0,0,0,0,0,0,0,0,0.0,0,0,0,0,0,0,439
D.Trevathan,LB,CHI,0,0,0,0,0,0,0,0,0,0,0,0,0,0.0,0,0,0,0,0,0,439
E.Jackson,DEF,CHI,0,0,0,0,0,0,0,0,0,0,0,0,0,0.0,0,0,0,0,0,0,439
B.Callahan,CB,CHI,0,0,0,0,0,0,0,0,0,0,0,0,1,1.0,0,0,0,0,0,0,50
E.Goldman,NT,CHI,0,0,0,0,0,0,0,0,0,0,0,0,0,1.0,0,0,0,0,0,0,204
Q.Demps,SS,CHI,0,0,0,0,0,0,0,0,0,0,0,0,0,0.0,0,0,0,0,0,0,439
M.Ryan,QB,ATL,867,18,0,4,0,0,0,0,0,0,0,0,0,0.0,0,0,0,0,0,0,19
D.Freeman,RB,ATL,0,227,50,0,4,0,0,0,0,0,0,0,0,0.0,0,0,0,0,0,0,19
T.Coleman,RB,ATL,0,104,88,0,0,1,0,0,0,0,0,0,0,0.0,0,0,0,0,0,0,86
A.Hooper,TE,ATL,0,0,144,0,0,1,0,0,0,0,0,0,0,0.0,0,0,0,0,0,0,114
T.Gabriel,WR,ATL,0,7,129,0,0,1,0,0,0,0,0,0,0,0.0,0,0,0,0,0,0,126
Ju.Jones,WR,ATL,0,0,265,0,0,0,0,0,0,0,0,0,0,0.0,0,0,0,0,0,0,72
M.Sanu,WR,ATL,0,0,160,0,0,1,0,0,0,0,0,0,0,0.0,0,0,0,0,0,0,101
M.Bryant,K,ATL,0,0,0,0,0,0,8,0,9,0,0,0,0,0.0,0,0,0,0,0,0,2
A.Roberts,WR,ATL,0,0,12,0,0,0,0,0,0,0,0,0,0,0.0,0,0,0,0,0,0,320
D.Kazee,DEF,ATL,0,0,0,0,0,0,0,0,0,0,0,0,0,0.0,0,0,0,0,0,0,439
T.McKinley,DEF,ATL,0,0,0,0,0,0,0,0,0,0,0,0,0,1.0,0,0,0,0,0,0,204
B.Poole,DB,ATL,0,0,0,0,0,0,0,0,0,0,0,0,0,1.0,0,0,0,0,0,0,204
R.Alford,CB,ATL,0,0,0,0,0,0,0,0,0,0,0,0,0,0.0,0,0,0,0,0,0,439
D.Campbell,OLB,ATL,0,0,0,0,0,0,0,0,0,0,0,0,0,1.0,0,0,0,0,0,0,204
R.Allen,FS,ATL,0,0,0,0,0,0,0,0,0,0,0,0,0,0.0,0,0,0,0,0,0,439
D.Jones,OLB,ATL,0,0,0,0,0,0,0,0,0,0,0,0,0,0.0,0,0,0,0,0,0,439
B.Reed,DE,ATL,0,0,0,0,0,0,0,0,0,0,0,0,0,2.0,0,0,0,0,0,0,114
V.Beasley,LB,ATL,0,0,0,0,0,0,0,0,0,0,0,0,1,2.0,0,0,0,0,0,0,24
A.Clayborn,DE,ATL,0,0,0,0,0,0,0,0,0,0,0,0,0,2.0,0,0,0,0,0,0,114
K.Neal,SS,ATL,0,0,0,0,0,0,0,0,0,0,0,0,0,0.0,0,0,0,0,0,0,439
D.Trufant,CB,ATL,0,0,0,0,0,0,0,0,0,0,0,1,0,0.0,0,0,0,0,0,0,114
D.Riley,DEF,ATL,0,0,0,0,0,0,0,0,0,0,0,0,0,0.0,0,0,0,0,0,0,439
A.Dalton,QB,CIN,606,5,0,2,0,0,0,0,0,0,1,0,0,0.0,0,0,0,0,0,0,54
G.Bernard,RB,CIN,0,77,67,0,0,1,0,0,0,0,0,0,0,0.0,0,0,0,0,0,0,120
J.Mixon,RB,CIN,0,107,59,0,0,0,0,0,0,0,0,0,0,0.0,0,0,0,0,0,0,139
J.Hill,RB,CIN,0,66,6,0,0,0,0,0,0,0,0,0,0,0.0,0,0,0,0,0,0,233
B.LaFell,WR,CIN,0,0,59,0,0,0,0,0,0,0,0,0,0,0.0,0,0,0,0,0,0,245
A.Green,WR,CIN,0,0,252,0,0,1,0,0,0,0,0,0,0,0.0,0,0,0,0,0,0,51
T.Eifert,TE,CIN,0,0,46,0,0,0,0,0,0,0,0,0,0,0.0,0,0,0,0,0,0,255
T.Kroft,TE,CIN,0,0,33,0,0,0,0,0,0,0,0,0,0,0.0,0,0,0,0,0,0,273
T.Boyd,WR,CIN,0,0,22,0,0,0,0,0,0,0,0,0,0,0.0,0,0,0,0,0,0,297
A.Erickson,WR,CIN,0,2,62,0,0,0,0,0,0,0,0,0,0,0.0,0,0,0,0,0,0,233
A.Billings,NT,CIN,0,0,0,0,0,0,0,0,0,0,0,0,0,0.0,0,0,0,0,0,0,439
M.Johnson,DE,CIN,0,0,0,0,0,0,0,0,0,0,0,0,0,1.0,0,0,0,0,0,0,204
P.Sims,DT,CIN,0,0,0,0,0,0,0,0,0,0,0,0,0,0.0,0,0,0,0,0,0,439
G.Iloka,SS,CIN,0,0,0,0,0,0,0,0,0,0,0,0,0,0.0,0,0,0,0,0,0,439
K.Minter,MLB,CIN,0,0,0,0,0,0,0,0,0,0,0,0,0,0.0,0,0,0,0,0,0,439
V.Rey,OLB,CIN,0,0,0,0,0,0,0,0,0,0,0,0,0,0.0,0,0,0,0,0,0,439
D.Kirkpatrick,CB,CIN,0,0,0,0,0,0,0,0,0,0,0,0,0,0.0,0,0,0,0,0,0,439
C.Smith,DE,CIN,0,0,0,0,0,0,0,0,0,0,0,0,0,1.5,0,0,0,0,0,0,114
D.Dennard,CB,CIN,0,0,0,0,0,0,0,0,0,0,0,0,0,1.0,0,0,0,0,0,0,204
G.Atkins,DT,CIN,0,0,0,0,0,0,0,0,0,0,0,0,0,3.0,0,0,0,0,0,0,50
C.Fejedelem,SAF,CIN,0,0,0,0,0,0,0,0,0,0,0,0,0,0.0,0,0,0,0,0,0,439
C.Dunlap,DE,CIN,0,0,0,0,0,0,0,0,0,0,0,0,0,1.0,0,0,0,0,0,0,204
R.Glasgow,DEF,CIN,0,0,0,0,0,0,0,0,0,0,0,0,0,0.0,0,0,0,0,0,0,439
J.Willis,DEF,CIN,0,0,0,0,0,0,0,0,0,0,0,0,0,0.0,0,0,0,0,0,0,439
W.Jackson,CB,CIN,0,0,0,0,0,0,0,0,0,0,1,1,0,0.0,0,0,0,0,0,0,439
N.Vigil,ILB,CIN,0,0,0,0,0,0,0,0,0,0,0,1,0,0.0,0,0,0,0,0,0,114
J.Shaw,CB,CIN,0,0,0,0,0,0,0,0,0,0,0,0,0,0.0,0,0,0,0,0,0,439
J.Flacco,QB,BAL,366,-1,0,3,0,0,0,0,0,0,0,0,0,0.0,0,0,0,0,0,0,79
M.Campanaro,WR,BAL,0,14,3,0,0,0,0,0,0,0,0,0,0,0.0,0,0,0,0,0,0,320
D.Woodhead,RB,BAL,0,4,33,0,0,0,0,0,0,0,0,0,0,0.0,0,0,0,0,0,0,273
J.Allen,RB,BAL,0,152,48,0,0,1,0,0,0,0,0,0,0,0.0,0,0,0,0,0,0,79
T.West,RB,BAL,0,128,23,0,2,0,0,0,0,0,1,0,0,0.0,0,0,0,0,0,0,86
N.Boyle,TE,BAL,0,0,37,0,0,0,0,0,0,0,0,0,0,0.0,0,0,0,0,0,0,273
J.Maclin,WR,BAL,0,0,95,0,0,2,0,0,0,0,0,0,0,0.0,0,0,0,0,0,0,108
M.Wallace,WR,BAL,0,4,21,0,0,0,0,0,0,0,0,0,0,0.0,0,0,0,0,0,0,297
M.Williams,TE,BAL,0,2,26,0,0,0,0,0,0,0,0,0,0,0.0,0,0,0,0,0,0,297
B.Perriman,WR,BAL,0,0,5,0,0,0,0,0,0,0,0,0,0,0.0,0,0,0,0,0,0,357
M.Pierce,DT,BAL,0,0,0,0,0,0,0,0,0,0,0,0,0,1.0,0,0,0,0,0,0,204
J.Tucker,K,BAL,0,0,0,0,0,0,3,1,6,0,0,0,0,0.0,0,0,0,0,0,0,26
E.Weddle,DB,BAL,0,0,0,0,0,0,0,0,0,0,0,1,0,0.0,0,0,0,0,0,0,114
B.Carr,CB,BAL,0,0,0,0,0,0,0,0,0,0,0,2,0,0.0,0,0,0,0,0,0,24
M.Judon,LB,BAL,0,0,0,0,0,0,0,0,0,0,0,0,0,0.0,0,0,0,0,0,0,439
C.Mosley,ILB,BAL,0,0,0,0,0,0,0,0,0,0,0,1,0,0.0,0,0,0,0,0,0,114
T.Jefferson,SS,BAL,0,0,0,0,0,0,0,0,0,0,0,0,0,1.0,0,0,0,0,0,0,204
B.Urban,DE,BAL,0,0,0,0,0,0,0,0,0,0,0,0,0,0.0,0,0,0,0,0,0,439
Z.Smith,LB,BAL,0,0,0,0,0,0,0,0,0,0,0,0,0,1.0,0,0,0,0,0,0,204
T.Bowser,DEF,BAL,0,0,0,0,0,0,0,0,0,0,0,1,0,1.0,0,0,0,0,0,0,50
T.Suggs,OLB,BAL,0,0,0,0,0,0,0,0,0,0,0,0,2,3.0,0,0,0,0,0,0,5
L.Webb,CB,BAL,0,0,0,0,0,0,0,0,0,0,0,2,0,0.0,0,0,0,0,0,0,24
P.Ricard,DEF,BAL,0,0,0,0,0,0,0,0,0,0,0,0,0,0.0,0,0,0,0,0,0,439
A.Levine Sr.,CB,BAL,0,0,0,0,0,0,0,0,0,0,0,0,0,0.0,0,0,0,0,0,0,439
J.Smith,CB,BAL,0,0,0,0,0,0,0,0,0,0,0,1,0,0.0,0,0,0,0,0,0,114
K.Correa,LB,BAL,0,0,0,0,0,0,0,0,0,0,0,0,0,0.0,0,0,0,0,0,0,439
B.Williams,NT,BAL,0,0,0,0,0,0,0,0,0,0,0,0,0,0.0,0,0,0,0,0,0,439
D.Kizer,QB,CLE,646,87,0,3,2,0,0,0,0,0,1,0,0,0.0,0,0,0,0,0,0,13
I.Crowell,RB,CLE,0,114,43,0,0,0,0,0,0,0,0,0,0,0.0,0,0,0,0,0,0,139
M.Dayes,RB,CLE,0,7,9,0,0,0,0,0,0,0,0,0,0,0.0,0,0,0,0,0,0,357
C.Coleman,WR,CLE,0,0,62,0,0,1,0,0,0,0,0,0,0,0.0,0,0,0,0,0,0,169
R.Louis,WR,CLE,0,0,69,0,0,0,0,0,0,0,0,0,0,0.0,0,0,0,0,0,0,233
K.Britt,WR,CLE,0,0,69,0,0,1,0,0,0,0,0,0,0,0.0,0,0,0,0,0,0,169
D.Njoku,WR,CLE,0,0,59,0,0,2,0,0,0,0,0,0,0,0.0,0,0,0,0,0,0,130
S.DeValve,TE,CLE,0,0,132,0,0,0,0,0,0,0,0,0,0,0.0,0,0,0,0,0,0,159
D.Johnson,RB,CLE,0,44,160,0,1,0,0,0,0,0,0,0,0,0.0,0,0,0,0,0,0,72
J.Peppers,DEF,CLE,0,0,0,0,0,0,0,0,0,0,0,0,0,0.0,0,0,0,0,0,0,439
Z.Gonzalez,K,CLE,0,0,0,0,0,0,2,0,6,0,0,0,0,0.0,0,0,0,0,0,0,30
B.Boddy-Calhoun,CB,CLE,0,0,0,0,0,0,0,0,0,0,0,0,0,0.0,0,0,0,0,0,0,439
D.Kindred,FS,CLE,0,0,0,0,0,0,0,0,0,0,0,1,0,0.0,0,0,0,0,0,0,114
J.Collins,OLB,CLE,0,0,0,0,0,0,0,0,0,0,0,0,1,0.0,0,0,0,0,0,0,114
E.Ogbah,LB,CLE,0,0,0,0,0,0,0,0,0,0,0,0,0,1.0,0,0,0,0,0,0,204
J.McCourty,CB,CLE,0,0,0,0,0,0,0,0,0,0,0,1,1,0.0,0,0,0,0,0,0,24
C.Kirksey,ILB,CLE,0,0,0,0,0,0,0,0,0,0,0,0,0,1.5,0,0,0,0,0,0,114
L.Ogunjobi,DEF,CLE,0,0,0,0,0,0,0,0,0,0,0,0,0,0.0,0,0,0,0,0,0,439
J.Schobert,OLB,CLE,0,0,0,0,0,0,0,0,0,0,0,0,0,0.5,0,0,0,0,0,0,204
D.Shelton,DL,CLE,0,0,0,0,0,0,0,0,0,0,0,0,0,0.0,0,0,0,0,0,0,439
C.Nassib,DE,CLE,0,0,0,0,0,0,0,0,0,0,0,0,0,1.0,0,0,0,0,0,0,204
J.Taylor,DB,CLE,0,0,0,0,0,0,0,0,0,0,0,0,0,0.0,0,0,0,0,0,0,439
T.Coley,DEF,CLE,0,0,0,0,0,0,0,0,0,0,0,0,0,0.0,0,0,0,0,0,0,439
B.Roethlisberger,QB,PIT,741,-4,0,5,0,0,0,0,0,0,1,0,0,0.0,0,0,0,0,0,0,26
J.Conner,RB,PIT,0,20,0,0,0,0,0,0,0,0,0,0,0,0.0,0,0,0,0,0,0,297
L.Bell,RB,PIT,0,180,56,0,1,0,0,0,0,0,0,0,0,0.0,0,0,0,0,0,0,56
M.Bryant,WR,PIT,0,7,135,0,0,1,0,0,0,0,0,0,0,0.0,0,0,0,0,0,0,120
J.James,TE,PIT,0,0,87,0,0,2,0,0,0,0,0,0,0,0.0,0,0,0,0,0,0,114
E.Rogers,WR,PIT,0,0,54,0,0,0,0,0,0,0,1,0,0,0.0,0,0,0,0,0,0,273
A.Brown,WR,PIT,0,0,354,0,0,1,0,0,0,0,0,0,0,0.0,0,0,0,0,0,0,33
C.Boswell,K,PIT,0,0,0,0,0,0,5,0,7,0,0,0,0,0.0,0,0,0,0,0,0,12
J.Smith-Schuster,WR,PIT,0,0,55,0,0,1,0,0,0,0,0,0,0,0.0,0,0,0,0,0,0,180
T.Watt,DEF,PIT,0,0,0,0,0,0,0,0,0,0,0,1,0,2.0,0,0,0,0,0,0,24
S.Tuitt,DE,PIT,0,0,0,0,0,0,0,0,0,0,0,0,0,0.0,0,0,0,0,0,0,439
R.Shazier,ILB,PIT,0,0,0,0,0,0,0,0,0,0,0,0,2,0.0,0,0,0,0,0,0,24
J.Hargrave,DT,PIT,0,0,0,0,0,0,0,0,0,0,0,0,0,2.0,0,0,0,0,0,0,114
M.Mitchell,FS,PIT,0,0,0,0,0,0,0,0,0,0,0,0,0,0.0,0,0,0,0,0,0,439
J.Haden,CB,PIT,0,0,0,0,0,0,0,0,0,0,0,0,0,1.0,0,0,0,0,0,0,204
A.Chickillo,LB,PIT,0,0,0,0,0,0,0,0,0,0,0,0,0,3.0,0,0,0,0,0,0,50
T.Alualu,DT,PIT,0,0,0,0,0,0,0,0,0,0,0,0,0,0.0,0,0,0,0,0,0,439
S.Davis,CB,PIT,0,0,0,0,0,0,0,0,0,0,0,0,0,0.0,0,0,0,0,0,0,439
C.Heyward,DE,PIT,0,0,0,0,0,0,0,0,0,0,0,0,0,1.0,0,0,0,0,0,0,204
W.Gay,CB,PIT,0,0,0,0,0,0,0,0,0,0,0,0,1,0.0,0,0,0,0,0,0,114
J.Wilcox,FS,PIT,0,0,0,0,0,0,0,0,0,0,0,1,0,0.0,0,0,0,0,0,0,114
L.Walton,DT,PIT,0,0,0,0,0,0,0,0,0,0,0,0,0,0.0,0,0,0,0,0,0,439
A.Burns,CB,PIT,0,0,0,0,0,0,0,0,0,0,0,0,0,0.0,0,0,0,0,0,0,439
M.Hilton,DEF,PIT,0,0,0,0,0,0,0,0,0,0,0,0,0,0.0,0,0,0,0,0,0,439
V.Williams,ILB,PIT,0,0,0,0,0,0,0,0,0,0,0,0,0,1.0,0,0,0,0,0,0,204
M.Stafford,QB,DET,678,56,0,7,0,0,0,0,0,0,1,0,0,0.0,0,0,0,0,0,0,9
A.Abdullah,RB,DET,0,163,50,0,0,0,0,0,0,0,0,0,0,0.0,0,0,0,0,0,0,108
T.Riddick,RB,DET,0,19,82,0,0,1,0,0,0,0,0,0,0,0.0,0,0,0,0,0,0,139
G.Tate,WR,DET,0,7,190,0,0,1,0,0,0,0,0,0,0,0.0,0,0,0,0,0,0,79
D.Washington,RB,DET,0,31,0,0,0,0,0,0,0,0,0,0,0,0.0,0,0,0,0,0,0,273
T.Jones,WR,DET,0,0,95,0,0,0,0,0,0,0,0,0,0,0.0,0,0,0,0,0,0,201
E.Ebron,TE,DET,0,0,60,0,0,1,0,0,0,0,0,0,0,0.0,0,0,0,0,0,0,169
K.Golladay,WR,DET,0,0,102,0,0,2,0,0,0,0,0,0,0,0.0,0,0,0,0,0,0,101
M.Jones,WR,DET,0,0,88,0,0,2,0,0,0,0,0,0,0,0.0,0,0,0,0,0,0,114
J.Davis,DEF,DET,0,0,0,0,0,0,0,0,0,0,0,0,0,1.0,0,0,0,0,0,0,204
M.Prater,K,DET,0,0,0,0,0,0,6,0,7,0,0,0,0,0.0,0,0,0,0,0,0,8
J.Agnew,DEF,DET,0,0,0,0,0,0,0,0,0,0,0,0,0,0.0,0,0,0,0,1,0,9
A.Spence,DT,DET,0,0,0,0,0,0,0,0,0,0,0,0,0,0.0,0,0,0,0,0,0,439
J.Ledbetter,DEF,DET,0,0,0,0,0,0,0,0,0,0,0,0,0,0.0,0,0,0,0,0,0,439
C.Washington,DE,DET,0,0,0,0,0,0,0,0,0,0,0,0,0,0.0,0,0,0,0,0,0,439
T.Whitehead,OLB,DET,0,0,0,0,0,0,0,0,0,0,0,1,0,0.0,0,0,0,0,0,0,114
Q.Diggs,CB,DET,0,0,0,0,0,0,0,0,0,0,0,0,0,0.0,0,0,0,0,0,0,439
T.Wilson,DB,DET,0,0,0,0,0,0,0,0,0,0,0,1,0,0.0,0,0,0,0,0,0,114
A.Zettel,DT,DET,0,0,0,0,0,0,0,0,0,0,0,0,0,2.0,0,0,0,0,0,0,114
M.Killebrew,SS,DET,0,0,0,0,0,0,0,0,0,0,0,1,0,0.0,0,0,0,0,0,0,114
D.Slay,CB,DET,0,0,0,0,0,0,0,0,0,0,0,2,0,0.0,0,0,0,0,0,0,24
A.Robinson,DT,DET,0,0,0,0,0,0,0,0,0,0,0,0,1,0.0,0,0,0,0,0,0,114
N.Lawson,CB,DET,0,0,0,0,0,0,0,0,0,0,0,0,0,0.0,0,0,0,0,0,0,439
G.Quin,FS,DET,0,0,0,0,0,0,0,0,0,0,0,2,1,0.0,0,0,0,0,0,0,9
E.Ansah,DE,DET,0,0,0,0,0,0,0,0,0,0,0,0,1,3.0,0,0,0,0,0,0,12
J.Valoaga,DEF,DET,0,0,0,0,0,0,0,0,0,0,0,0,0,1.0,0,0,0,0,0,0,204
D.Hayden,CB,DET,0,0,0,0,0,0,0,0,0,0,0,0,0,0.0,0,0,0,0,0,0,439
C.Palmer,QB,ARI,926,15,0,4,0,0,0,0,0,0,0,0,0,0.0,0,0,0,0,0,0,14
J.Brown,WR,ARI,0,10,32,0,0,0,0,0,0,0,0,0,0,0.0,0,0,0,0,0,0,255
Da.Johnson,RB,ARI,0,23,68,0,0,0,0,0,0,0,1,0,0,0.0,0,0,0,0,0,0,233
K.Williams,DB,ARI,0,35,2,0,1,0,0,0,0,0,0,0,0,0.0,0,0,0,0,0,0,2
J.Nelson,WR,ARI,0,0,163,0,0,2,0,0,0,0,0,0,0,0.0,0,0,0,0,0,0,60
A.Ellington,RB,ARI,0,33,106,0,0,0,0,0,0,0,0,0,0,0.0,0,0,0,0,0,0,159
J.Gresham,TE,ARI,0,0,62,0,0,0,0,0,0,0,0,0,0,0.0,0,0,0,0,0,0,233
L.Fitzgerald,WR,ARI,0,0,244,0,0,1,0,0,0,0,0,0,0,0.0,0,0,0,0,0,0,54
Ja.Brown,WR,ARI,0,0,100,0,0,1,0,0,0,0,0,0,0,0.0,0,0,0,0,0,0,134
P.Dawson,K,ARI,0,0,0,0,0,0,5,3,5,0,0,0,0,0.0,0,0,0,0,0,0,22
J.Bethel,CB,ARI,0,0,0,0,0,0,0,0,0,0,0,1,0,0.0,0,0,0,0,0,0,114
C.Jones,LB,ARI,0,0,0,0,0,0,0,0,0,0,0,0,1,4.0,0,0,0,0,0,0,9
C.Peters,DT,ARI,0,0,0,0,0,0,0,0,0,0,0,0,0,0.0,0,0,0,0,0,0,439
I.Momah,TE,ARI,0,0,46,0,0,0,0,0,0,0,0,0,0,0.0,0,0,0,0,0,0,255
A.Bethea,SS,ARI,0,0,0,0,0,0,0,0,0,0,0,0,0,0.0,0,0,0,0,0,0,439
J.Mauro,NT,ARI,0,0,0,0,0,0,0,0,0,0,0,0,0,1.0,0,0,0,0,0,0,204
M.Golden,OLB,ARI,0,0,0,0,0,0,0,0,0,0,0,0,0,0.0,0,0,0,0,0,0,439
X.Williams,DT,ARI,0,0,0,0,0,0,0,0,0,0,0,0,0,0.0,0,0,0,0,0,0,439
T.Mathieu,FS,ARI,0,0,0,0,0,0,0,0,0,0,0,1,0,0.0,0,0,0,0,0,0,114
F.Rucker,DE,ARI,0,0,0,0,0,0,0,0,0,0,0,0,0,0.0,0,0,0,0,0,0,439
P.Peterson,CB,ARI,0,0,0,0,0,0,0,0,0,0,0,0,0,0.0,0,0,0,0,0,0,439
T.Branch,DB,ARI,0,0,0,0,0,0,0,0,0,0,0,0,0,0.0,0,0,0,0,0,0,439
J.Bynes,OLB,ARI,0,0,0,0,0,0,0,0,0,0,0,0,0,1.0,0,0,0,0,0,0,204
K.Dansby,LB,ARI,0,0,0,0,0,0,0,0,0,0,0,0,0,0.0,0,0,0,0,0,0,439
H.Reddick,DEF,ARI,0,0,0,0,0,0,0,0,0,0,0,0,0,0.0,0,0,0,0,0,0,439
D.Watson,QB,HOU,528,124,0,3,1,0,0,0,0,0,1,0,0,0.0,0,0,0,0,0,0,22
T.Savage,QB,HOU,62,0,0,0,0,0,0,0,0,0,2,0,0,0.0,0,0,0,0,0,0,395
L.Miller,RB,HOU,0,182,64,0,0,0,0,0,0,0,0,0,0,0.0,0,0,0,0,0,0,86
T.Ervin,RB,HOU,0,12,38,0,0,0,0,0,0,0,0,0,0,0.0,0,0,0,0,0,0,255
D.Foreman,RB,HOU,0,69,65,0,0,0,0,0,0,0,0,0,0,0.0,0,0,0,0,0,0,169
D.Hopkins,WR,HOU,0,0,204,0,0,1,0,0,0,0,0,0,0,0.0,0,0,0,0,0,0,72
S.Anderson,TE,HOU,0,0,28,0,0,0,0,0,0,0,0,0,0,0.0,0,0,0,0,0,0,297
C.Fiedorowicz,TE,HOU,0,0,46,0,0,0,0,0,0,0,0,0,0,0.0,0,0,0,0,0,0,255
K.Fairbairn,K,HOU,0,0,0,0,0,0,6,0,5,0,0,0,0,0.0,0,0,0,0,0,0,11
A.Hal,FS,HOU,0,0,0,0,0,0,0,0,0,0,0,0,1,0.0,0,0,0,0,0,0,114
B.Scarlett,LB,HOU,0,0,0,0,0,0,0,0,0,0,0,0,0,0.0,0,0,0,0,0,0,439
B.Peters,LB,HOU,0,0,0,0,0,0,0,0,0,0,0,0,0,0.0,0,0,0,0,0,0,439
E.Pleasant,DB,HOU,0,0,0,0,0,0,0,0,0,0,0,0,0,0.0,0,0,0,0,0,0,439
J.Clowney,OLB,HOU,0,0,0,0,0,0,0,0,0,0,0,0,0,2.0,0,0,0,0,0,0,114
W.Mercilus,OLB,HOU,0,0,0,0,0,0,0,0,0,0,0,0,1,1.0,0,0,0,0,0,0,50
K.Johnson,CB,HOU,0,0,0,0,0,0,0,0,0,0,0,0,0,0.0,0,0,0,0,0,0,439
C.Covington,DT,HOU,0,0,0,0,0,0,0,0,0,0,0,0,1,1.0,0,0,0,0,0,0,50
D.Reader,NT,HOU,0,0,0,0,0,0,0,0,0,0,0,0,0,0.0,0,0,0,0,0,0,439
Z.Cunningham,DEF,HOU,0,0,0,0,0,0,0,0,0,0,0,0,0,0.0,0,0,0,0,0,0,439
C.Moore,DB,HOU,0,0,0,0,0,0,0,0,0,0,0,0,0,0.0,0,0,0,0,0,0,439
K.Jackson,CB,HOU,0,0,0,0,0,0,0,0,0,0,0,0,1,1.0,0,0,0,0,0,0,50
B.McKinney,ILB,HOU,0,0,0,0,0,0,0,0,0,0,0,0,0,2.0,0,0,0,0,0,0,114
J.Joseph,CB,HOU,0,0,0,0,0,0,0,0,0,0,0,0,0,0.0,0,0,0,0,0,0,439
J.Heath,DT,HOU,0,0,0,0,0,0,0,0,0,0,0,0,0,0.0,0,0,0,0,0,0,439
M.Gilchrist,FS,HOU,0,0,0,0,0,0,0,0,0,0,0,0,1,1.0,0,0,0,0,0,0,50
B.Cushing,ILB,HOU,0,0,0,0,0,0,0,0,0,0,0,0,0,0.0,0,0,0,0,0,0,439
J.Watt,DE,HOU,0,0,0,0,0,0,0,0,0,0,0,0,0,0.0,0,0,0,0,0,0,439
B.Dunn,DT,HOU,0,0,0,0,0,0,0,0,0,0,0,0,0,0.0,0,0,0,0,0,0,439
B.Bortles,QB,JAX,592,60,0,6,0,0,0,0,0,0,1,0,0,0.0,0,0,0,0,0,0,19
L.Fournette,RB,JAX,0,199,66,0,3,0,0,0,0,0,0,0,0,0.0,0,0,0,0,0,0,29
T.Bohanon,FB,JAX,0,0,9,0,0,1,0,0,0,0,0,0,0,0.0,0,0,0,0,0,0,233
C.Ivory,RB,JAX,0,76,67,0,0,0,0,0,0,0,0,0,0,0.0,0,0,0,0,0,0,159
A.Hurns,WR,JAX,0,0,144,0,0,2,0,0,0,0,0,0,0,0.0,0,0,0,0,0,0,72
A.Benn,WR,JAX,0,0,12,0,0,0,0,0,0,0,0,0,0,0.0,0,0,0,0,0,0,320
A.Robinson,WR,JAX,0,0,17,0,0,0,0,0,0,0,0,0,0,0.0,0,0,0,0,0,0,320
J.O'Shaughnessy,TE,JAX,0,0,30,0,0,0,0,0,0,0,0,0,0,0.0,0,0,0,0,0,0,273
D.Fowler,DE,JAX,0,0,0,0,0,0,0,0,0,0,0,0,1,2.0,0,0,0,0,0,0,24
Y.Ngakoue,DE,JAX,0,0,0,0,0,0,0,0,0,0,0,0,2,2.0,0,0,0,0,0,0,9
A.Jones,DT,JAX,0,0,0,0,0,0,0,0,0,0,0,0,0,0.5,0,0,0,0,0,0,204
J.Myers,K,JAX,0,0,0,0,0,0,7,1,8,0,0,0,0,0.0,0,0,0,0,0,0,5
M.Lee,WR,JAX,0,0,141,0,0,0,0,0,0,0,0,0,0,0.0,0,0,0,0,0,0,148
J.Ramsey,CB,JAX,0,0,0,0,0,0,0,0,0,0,0,1,0,0.0,0,0,0,0,0,0,114
M.Jackson,DT,JAX,0,0,0,0,0,0,0,0,0,0,0,0,0,1.5,0,0,0,0,0,0,114
T.Gipson,DB,JAX,0,0,0,0,0,0,0,0,0,0,0,1,0,0.0,0,0,0,0,0,0,114
A.Colvin,CB,JAX,0,0,0,0,0,0,0,0,0,0,0,0,0,0.0,0,0,0,0,0,0,439
M.Jack,OLB,JAX,0,0,0,0,0,0,0,0,0,0,0,0,0,1.0,0,0,0,0,0,0,204
C.Campbell,DE,JAX,0,0,0,0,0,0,0,0,0,0,0,0,1,4.5,0,0,0,0,0,0,5
L.McCray,LB,JAX,0,0,0,0,0,0,0,0,0,0,0,0,0,1.5,0,0,0,0,0,0,114
B.Church,SS,JAX,0,0,0,0,0,0,0,0,0,0,0,0,0,0.0,0,0,0,0,0,0,439
T.Smith,OLB,JAX,0,0,0,0,0,0,0,0,0,0,0,1,0,0.0,0,0,0,0,0,0,114
S.Day,DT,JAX,0,0,0,0,0,0,0,0,0,0,0,0,0,0.0,0,0,0,0,0,0,439
D.Smoot,DEF,JAX,0,0,0,0,0,0,0,0,0,0,0,0,0,0.0,0,0,0,0,0,0,439
E.Ankou,DEF,JAX,0,0,0,0,0,0,0,0,0,0,0,0,0,0.0,0,0,0,0,0,0,439
A.Bouye,CB,JAX,0,0,0,0,0,0,0,0,0,0,0,1,0,0.0,0,0,0,0,0,0,114
P.Posluszny,MLB,JAX,0,0,0,0,0,0,0,0,0,0,0,0,0,0.0,0,0,0,0,0,0,439
M.Mariota,QB,TEN,696,77,0,3,1,0,0,0,0,0,0,0,0,0.0,0,0,0,0,0,0,16
D.Henry,RB,TEN,0,171,10,0,1,0,0,0,0,0,0,0,0,0.0,0,0,0,0,0,0,86
D.Murray,RB,TEN,0,184,24,0,1,0,0,0,0,0,0,0,0,0.0,0,0,0,0,0,0,72
D.Walker,TE,TEN,0,1,168,0,1,0,0,0,0,0,0,0,0,0.0,0,0,0,0,0,0,101
C.Davis,WR,TEN,0,0,73,0,0,0,0,0,0,0,0,0,0,0.0,0,0,0,0,0,0,219
R.Matthews,WR,TEN,0,0,201,0,0,1,0,0,0,0,0,0,0,0.0,0,0,0,0,0,0,72
T.Taylor,RB,TEN,0,15,72,0,0,0,0,0,0,0,0,0,0,0.0,0,0,0,0,0,0,210
E.Decker,WR,TEN,0,0,91,0,0,0,0,0,0,0,0,0,0,0.0,0,0,0,0,0,0,201
R.Succop,K,TEN,0,0,0,0,0,0,10,1,8,0,0,0,0,0.0,0,0,0,0,0,0,1
A.Jackson,DEF,TEN,0,0,0,0,0,0,0,0,0,0,0,0,0,0.0,0,0,0,0,0,0,439
L.Ryan,CB,TEN,0,0,0,0,0,0,0,0,0,0,0,0,0,0.0,0,0,0,0,0,0,439
B.Orakpo,OLB,TEN,0,0,0,0,0,0,0,0,0,0,0,0,1,1.0,0,0,0,0,0,0,50
A.Johnson,NT,TEN,0,0,0,0,0,0,0,0,0,0,0,0,0,0.0,0,0,0,0,0,0,439
A.Williamson,ILB,TEN,0,0,0,0,0,0,0,0,0,0,0,0,0,0.0,0,0,0,0,0,0,439
T.Smith,CB,TEN,0,0,0,0,0,0,0,0,0,0,0,0,0,0.0,0,0,0,0,0,0,439
J.Cyprien,SS,TEN,0,0,0,0,0,0,0,0,0,0,0,0,0,0.0,0,0,0,0,0,0,439
K.Klug,DE,TEN,0,0,0,0,0,0,0,0,0,0,0,0,0,0.0,0,0,0,0,0,0,439
E.Walden,OLB,TEN,0,0,0,0,0,0,0,0,0,0,0,0,0,1.0,0,0,0,0,0,0,204
D.Searcy,SS,TEN,0,0,0,0,0,0,0,0,0,0,0,1,0,0.0,0,0,0,0,0,0,114
B.McCain,DB,TEN,0,0,0,0,0,0,0,0,0,0,0,0,0,0.0,0,0,0,0,0,0,439
K.Byard,SAF,TEN,0,0,0,0,0,0,0,0,0,0,0,0,0,0.0,0,0,0,0,0,0,439
D.Jones,DE,TEN,0,0,0,0,0,0,0,0,0,0,0,0,0,0.0,0,0,0,0,0,0,439
D.Morgan,OLB,TEN,0,0,0,0,0,0,0,0,0,0,0,0,0,2.0,0,0,0,0,0,0,114
S.Williams,NT,TEN,0,0,0,0,0,0,0,0,0,0,0,0,0,0.0,0,0,0,0,0,0,439
W.Woodyard,ILB,TEN,0,0,0,0,0,0,0,0,0,0,0,0,0,1.0,0,0,0,0,0,0,204
J.Brown,DEF,TEN,0,0,0,0,0,0,0,0,0,0,0,0,0,0.0,0,0,0,0,0,0,439
D.Carr,QB,OAK,610,7,0,6,0,0,0,0,0,0,0,0,0,0.0,0,0,0,0,0,0,24
J.Richard,RB,OAK,0,84,61,0,1,0,0,0,0,0,0,0,0,0.0,0,0,0,0,0,0,114
M.Lynch,RB,OAK,0,139,28,0,1,0,0,0,0,0,0,0,0,0.0,0,0,0,0,0,0,108
D.Washington,RB,OAK,0,24,57,0,0,0,0,0,0,0,0,0,0,0.0,0,0,0,0,0,0,219
C.Patterson,WR,OAK,0,67,15,0,1,0,0,0,0,0,0,0,0,0.0,0,0,0,0,0,0,159
A.Cooper,WR,OAK,0,0,101,0,0,1,0,0,0,0,0,0,0,0.0,0,0,0,0,0,0,134
S.Roberts,WR,OAK,0,0,39,0,0,1,0,0,0,0,1,0,0,0.0,0,0,0,0,0,0,219
M.Crabtree,WR,OAK,0,0,170,0,0,3,0,0,0,0,0,0,0,0.0,0,0,0,0,0,0,43
J.Cook,TE,OAK,0,0,124,0,0,1,0,0,0,0,0,0,0,0.0,0,0,0,0,0,0,126
G.Tavecchio,K,OAK,0,0,0,0,0,0,6,0,9,0,0,0,0,0.0,0,0,0,0,0,0,6
T.Carrie,SS,OAK,0,0,0,0,0,0,0,0,0,0,0,0,0,0.0,0,0,0,0,0,0,439
R.Nelson,DB,OAK,0,0,0,0,0,0,0,0,0,0,0,0,0,0.0,0,0,0,0,0,0,439
C.James,OLB,OAK,0,0,0,0,0,0,0,0,0,0,0,0,1,0.0,0,0,0,0,0,0,114
D.Amerson,CB,OAK,0,0,0,0,0,0,0,0,0,0,0,0,0,0.0,0,0,0,0,0,0,439
B.Irvin,LB,OAK,0,0,0,0,0,0,0,0,0,0,0,0,0,0.0,0,0,0,0,0,0,439
D.Autry,DE,OAK,0,0,0,0,0,0,0,0,0,0,0,0,0,0.5,0,0,0,0,0,0,204
E.Vanderdoes,DEF,OAK,0,0,0,0,0,0,0,0,0,0,0,0,0,0.0,0,0,0,0,0,0,439
N.Morrow,DEF,OAK,0,0,0,0,0,0,0,0,0,0,0,0,0,0.0,0,0,0,0,0,0,439
J.Ellis,DT,OAK,0,0,0,0,0,0,0,0,0,0,0,0,0,0.5,0,0,0,0,0,0,204
M.Edwards,DE,OAK,0,0,0,0,0,0,0,0,0,0,0,0,0,2.0,0,0,0,0,0,0,114
K.Joseph,SAF,OAK,0,0,0,0,0,0,0,0,0,0,0,0,1,1.0,0,0,0,0,0,0,50
K.Mack,DE,OAK,0,0,0,0,0,0,0,0,0,0,0,0,0,2.0,0,0,0,0,0,0,114
T.Adams,DEF,OAK,0,0,0,0,0,0,0,0,0,0,0,0,0,0.0,0,0,0,0,0,0,439
S.Smith,DB,OAK,0,0,0,0,0,0,0,0,0,0,0,0,0,0.0,0,0,0,0,0,0,439
D.McDonald,CB,OAK,0,0,0,0,0,0,0,0,0,0,0,0,0,0.0,0,0,0,0,0,0,439
M.Lee,DEF,OAK,0,0,0,0,0,0,0,0,0,0,0,0,0,0.0,0,0,0,0,0,0,439
K.Cousins,QB,WAS,784,39,0,5,0,0,0,0,0,0,2,0,0,0.0,0,0,0,0,0,0,21
C.Thompson,RB,WAS,0,119,231,0,2,2,0,0,0,0,0,0,0,0.0,0,0,0,0,0,0,9
R.Kelley,RB,WAS,0,108,0,0,0,0,0,0,0,0,0,0,0,0.0,0,0,0,0,0,0,191
R.Grant,WR,WAS,0,0,103,0,0,1,0,0,0,0,0,0,0,0.0,0,0,0,0,0,0,134
T.Pryor,WR,WAS,0,0,116,0,0,0,0,0,0,0,0,0,0,0.0,0,0,0,0,0,0,180
J.Crowder,WR,WAS,0,0,113,0,0,0,0,0,0,0,2,0,0,0.0,0,0,0,0,0,0,219
B.Quick,WR,WAS,0,0,11,0,0,0,0,0,0,0,0,0,0,0.0,0,0,0,0,0,0,320
J.Reed,TE,WAS,0,0,84,0,0,0,0,0,0,0,0,0,0,0.0,0,0,0,0,0,0,210
M.Foster,ILB,WAS,0,0,0,0,0,0,0,0,0,0,0,1,0,0.0,0,0,0,0,0,0,114
D.Hopkins,K,WAS,0,0,0,0,0,0,5,2,8,0,0,0,0,0.0,0,0,0,0,0,0,15
B.Breeland,CB,WAS,0,0,0,0,0,0,0,0,0,0,0,0,0,0.0,0,0,0,0,0,0,439
S.McGee,DT,WAS,0,0,0,0,0,0,0,0,0,0,0,0,0,0.0,0,0,0,0,0,0,439
J.Norman,DB,WAS,0,0,0,0,0,0,0,0,0,0,0,0,2,0.0,0,0,0,0,0,0,24
T.McClain,DT,WAS,0,0,0,0,0,0,0,0,0,0,0,0,0,0.0,0,0,0,0,0,0,439
K.Fuller,CB,WAS,0,0,0,0,0,0,0,0,0,0,0,1,1,0.0,0,0,0,0,0,0,24
Z.Brown,LB,WAS,0,0,0,0,0,0,0,0,0,0,0,0,0,0.0,0,0,0,0,0,0,439
M.Ioannidis,DEF,WAS,0,0,0,0,0,0,0,0,0,0,0,0,0,1.0,0,0,0,0,0,0,204
R.Kerrigan,OLB,WAS,0,0,0,0,0,0,0,0,0,0,0,1,1,2.5,0,0,0,0,0,0,5
D.Swearinger,DB,WAS,0,0,0,0,0,0,0,0,0,0,0,0,0,0.0,0,0,0,0,0,0,439
P.Smith,LB,WAS,0,0,0,0,0,0,0,0,0,0,0,0,0,3.0,0,0,0,0,0,0,50
D.Everett,CB,WAS,0,0,0,0,0,0,0,0,0,0,0,0,0,0.0,0,0,0,0,0,0,439
J.Allen,DEF,WAS,0,0,0,0,0,0,0,0,0,0,0,0,0,1.0,0,0,0,0,0,0,204
C.Wentz,QB,PHI,816,83,0,5,0,0,0,0,0,0,1,0,0,0.0,0,0,0,0,0,0,9
D.Sproles,RB,PHI,0,61,73,0,0,0,0,0,0,0,1,0,0,0.0,0,0,0,0,0,0,180
L.Blount,RB,PHI,0,113,1,0,1,1,0,0,0,0,0,0,0,0.0,0,0,0,0,0,0,93
W.Smallwood,RB,PHI,0,79,11,0,0,0,0,0,0,0,0,0,0,0.0,0,0,0,0,0,0,210
B.Celek,TE,PHI,0,0,11,0,0,0,0,0,0,0,0,0,0,0.0,0,0,0,0,0,0,320
A.Jeffery,WR,PHI,0,0,186,0,0,1,0,0,0,0,0,0,0,0.0,0,0,0,0,0,0,86
Z.Ertz,TE,PHI,0,0,245,0,0,1,0,0,0,0,1,0,0,0.0,0,0,0,0,0,0,60
N.Agholor,WR,PHI,0,0,115,0,0,2,0,0,0,0,0,0,0,0.0,0,0,0,0,0,0,93
T.Smith,WR,PHI,0,0,125,0,0,0,0,0,0,0,0,0,0,0.0,0,0,0,0,0,0,169
F.Cox,DE,PHI,0,0,0,0,0,0,0,0,0,0,0,0,1,2.0,0,0,0,0,0,0,24
J.Hicks,ILB,PHI,0,0,0,0,0,0,0,0,0,0,0,0,0,0.0,0,0,0,0,0,0,439
T.Burton,TE,PHI,0,0,17,0,0,0,0,0,0,0,0,0,0,0.0,0,0,0,0,0,0,320
C.Sturgis,K,PHI,0,0,0,0,0,0,3,0,1,0,0,0,0,0.0,0,0,0,0,0,0,32
D.Vaeao,DT,PHI,0,0,0,0,0,0,0,0,0,0,0,0,0,0.0,0,0,0,0,0,0,439
J.Mills,FS,PHI,0,0,0,0,0,0,0,0,0,0,0,1,0,0.0,0,0,0,0,0,0,114
C.Long,DE,PHI,0,0,0,0,0,0,0,0,0,0,0,0,0,1.0,0,0,0,0,0,0,204
C.Graham,FS,PHI,0,0,0,0,0,0,0,0,0,0,0,0,0,0.0,0,0,0,0,0,0,439
T.Jernigan,DE,PHI,0,0,0,0,0,0,0,0,0,0,0,0,0,1.5,0,0,0,0,0,0,114
J.Watkins,DB,PHI,0,0,0,0,0,0,0,0,0,0,0,0,0,0.0,0,0,0,0,0,0,439
M.Jenkins,FS,PHI,0,0,0,0,0,0,0,0,0,0,0,0,0,0.0,0,0,0,0,0,0,439
R.McLeod,DB,PHI,0,0,0,0,0,0,0,0,0,0,0,0,0,0.0,0,0,0,0,0,0,439
N.Bradham,LB,PHI,0,0,0,0,0,0,0,0,0,0,0,0,0,0.0,0,0,0,0,0,0,439
V.Curry,DE,PHI,0,0,0,0,0,0,0,0,0,0,0,0,0,0.0,0,0,0,0,0,0,439
P.Robinson,DB,PHI,0,0,0,0,0,0,0,0,0,0,0,1,0,0.0,0,0,0,0,0,0,114
R.Darby,CB,PHI,0,0,0,0,0,0,0,0,0,0,0,0,0,0.0,0,0,0,0,0,0,439
D.Barnett,DEF,PHI,0,0,0,0,0,0,0,0,0,0,0,0,0,0.0,0,0,0,0,0,0,439
M.Kendricks,ILB,PHI,0,0,0,0,0,0,0,0,0,0,0,0,0,1.0,0,0,0,0,0,0,204
B.Graham,OLB,PHI,0,0,0,0,0,0,0,0,0,0,0,0,1,2.5,0,0,0,0,0,0,12
J.Goff,QB,LA,822,2,0,5,0,0,0,0,0,0,0,0,0,0.0,0,0,0,0,0,0,16
S.Mannion,QB,LA,12,-7,0,0,0,0,0,0,0,0,0,0,0,0.0,0,0,0,0,0,0,389
T.Austin,WR,LA,0,28,12,0,0,0,0,0,0,0,2,0,0,0.0,0,0,0,0,0,0,389
M.Brown,RB,LA,0,16,-4,0,1,0,0,0,0,0,0,0,0,0.0,0,0,0,0,0,0,233
T.Gurley,RB,LA,0,241,140,0,4,2,0,0,0,0,1,0,0,0.0,0,0,0,0,0,0,3
J.Davis,RB,LA,0,1,0,0,0,0,0,0,0,0,0,0,0,0.0,0,0,0,0,0,0,357
D.Carrier,TE,LA,0,0,38,0,0,0,0,0,0,0,0,0,0,0.0,0,0,0,0,0,0,273
S.Watkins,WR,LA,0,0,194,0,0,2,0,0,0,0,0,0,0,0.0,0,0,0,0,0,0,51
G.Everett,WR,LA,0,0,134,0,0,0,0,0,0,0,0,0,0,0.0,0,0,0,0,0,0,159
R.Woods,WR,LA,0,0,169,0,0,0,0,0,0,0,0,0,0,0.0,0,0,0,0,0,0,134
T.Higbee,TE,LA,0,0,21,0,0,0,0,0,0,0,0,0,0,0.0,0,0,0,0,0,0,297
C.Kupp,WR,LA,0,0,126,0,0,1,0,0,0,0,0,0,0,0.0,0,0,0,0,0,0,126
T.Johnson,CB,LA,0,0,0,0,0,0,0,0,0,0,0,1,1,0.0,0,0,0,0,0,0,24
G.Zuerlein,K,LA,0,0,0,0,0,0,7,0,12,0,0,0,0,0.0,0,0,0,0,0,0,2
P.Cooper,WR,LA,0,0,4,0,0,0,0,0,0,0,1,0,0,0.0,0,0,0,0,0,0,395
K.Webster,CB,LA,0,0,0,0,0,0,0,0,0,0,0,0,0,0.0,0,0,0,0,0,0,439
B.Countess,DEF,LA,0,0,0,0,0,0,0,0,0,0,0,0,0,0.0,0,0,0,0,0,0,439
A.Ogletree,OLB,LA,0,0,0,0,0,0,0,0,0,0,0,0,0,1.0,0,0,0,0,0,0,204
L.Joyner,CB,LA,0,0,0,0,0,0,0,0,0,0,0,1,0,0.0,0,0,0,0,0,0,114
T.Walker,DT,LA,0,0,0,0,0,0,0,0,0,0,0,0,1,1.0,0,0,0,0,0,0,50
N.Robey,DB,LA,0,0,0,0,0,0,0,0,0,0,0,1,1,0.0,0,0,0,0,0,0,24
C.Barwin,OLB,LA,0,0,0,0,0,0,0,0,0,0,0,0,0,1.0,0,0,0,0,0,0,204
J.Johnson,DEF,LA,0,0,0,0,0,0,0,0,0,0,0,0,0,0.0,0,0,0,0,0,0,439
S.Ebukam,DEF,LA,0,0,0,0,0,0,0,0,0,0,0,0,0,0.0,0,0,0,0,0,0,439
R.Quinn,DE,LA,0,0,0,0,0,0,0,0,0,0,0,0,0,1.5,0,0,0,0,0,0,114
M.Barron,OLB,LA,0,0,0,0,0,0,0,0,0,0,0,0,0,0.0,0,0,0,0,0,0,439
M.Alexander,SS,LA,0,0,0,0,0,0,0,0,0,0,0,0,0,0.0,0,0,0,0,0,0,439
D.Hatfield,DEF,LA,0,0,0,0,0,0,0,0,0,0,0,0,0,0.0,0,0,0,0,0,0,439
M.Longacre,DE,LA,0,0,0,0,0,0,0,0,0,0,0,0,0,2.0,0,0,0,0,0,0,114
E.Westbrooks,DT,LA,0,0,0,0,0,0,0,0,0,0,0,0,0,1.0,0,0,0,0,0,0,204
M.Fox,DEF,LA,0,0,0,0,0,0,0,0,0,0,0,0,0,1.5,0,0,0,0,0,0,114
T.Smart,DEF,LA,0,0,0,0,0,0,0,0,0,0,0,0,0,0.0,0,0,0,0,0,0,439
C.Littleton,OLB,LA,0,0,0,0,0,0,0,0,0,0,0,0,1,0.0,0,0,0,0,0,0,114
B.Hager,ILB,LA,0,0,0,0,0,0,0,0,0,0,0,0,0,0.0,0,0,0,0,0,0,439
M.Brockers,DT,LA,0,0,0,0,0,0,0,0,0,0,0,0,0,0.0,0,0,0,0,0,0,439
J.Brissett,QB,IND,526,36,0,1,2,0,0,0,0,0,0,0,0,0.0,0,0,0,0,0,0,36
S.Tolzien,QB,IND,128,2,0,0,0,0,0,0,0,0,0,0,0,0.0,0,0,0,0,0,0,245
M.Mack,RB,IND,0,21,32,0,1,0,0,0,0,0,0,0,0,0.0,0,0,0,0,0,0,180
F.Gore,RB,IND,0,145,10,0,2,0,0,0,0,0,0,0,0,0.0,0,0,0,0,0,0,65
R.Turbin,RB,IND,0,36,6,0,0,0,0,0,0,0,0,0,0,0.0,0,0,0,0,0,0,273
M.Hazel,WR,IND,0,0,1,0,0,0,0,0,0,0,0,0,0,0.0,0,0,0,0,0,0,357
J.Doyle,TE,IND,0,0,136,0,0,0,0,0,0,0,1,0,0,0.0,0,0,0,0,0,0,180
T.Hilton,WR,IND,0,0,259,0,0,1,0,0,0,0,1,0,0,0.0,0,0,0,0,0,0,56
D.Moncrief,WR,IND,0,0,112,0,0,0,0,0,0,0,0,0,0,0.0,0,0,0,0,0,0,180
K.Aiken,WR,IND,0,0,43,0,0,0,0,0,0,0,0,0,0,0.0,0,0,0,0,0,0,255
J.George,ILB,IND,0,0,0,0,0,0,0,0,0,0,0,0,0,0.0,0,0,0,0,0,0,439
A.Vinatieri,K,IND,0,0,0,0,0,0,4,1,5,0,0,0,0,0.0,0,0,0,0,0,0,23
R.Sanchez,WR,IND,0,0,0,0,0,0,0,0,0,0,0,0,0,0.0,0,0,0,0,0,0,357
Q.Bray,WR,IND,0,0,22,0,0,0,0,0,0,0,0,0,0,0.0,0,0,0,0,0,0,297
N.Hairston,DEF,IND,0,0,0,0,0,0,0,0,0,0,0,0,0,1.0,0,0,0,0,0,0,204
H.Anderson,DE,IND,0,0,0,0,0,0,0,0,0,0,0,0,0,0.0,0,0,0,0,0,0,439
J.Sheard,DE,IND,0,0,0,0,0,0,0,0,0,0,0,0,0,0.0,0,0,0,0,0,0,439
J.Bostic,LB,IND,0,0,0,0,0,0,0,0,0,0,0,0,0,0.0,0,0,0,0,0,0,439
A.Morrison,ILB,IND,0,0,0,0,0,0,0,0,0,0,0,0,0,0.0,0,0,0,0,0,0,439
A.Woods,NT,IND,0,0,0,0,0,0,0,0,0,0,0,0,0,1.0,0,0,0,0,0,0,204
M.Farley,DB,IND,0,0,0,0,0,0,0,0,0,0,0,0,0,0.0,0,0,0,0,0,0,439
D.Butler,CB,IND,0,0,0,0,0,0,0,0,0,0,0,0,1,0.0,0,0,0,0,0,0,114
T.Green,FS,IND,0,0,0,0,0,0,0,0,0,0,0,0,0,0.0,0,0,0,0,0,0,439
R.Melvin,CB,IND,0,0,0,0,0,0,0,0,0,0,0,2,0,0.0,0,0,0,0,0,0,24
Q.Wilson,DEF,IND,0,0,0,0,0,0,0,0,0,0,0,0,0,0.0,0,0,0,0,0,0,439
M.Hunt,DE,IND,0,0,0,0,0,0,0,0,0,0,0,0,0,1.0,0,0,0,0,0,0,204
B.Mingo,DE,IND,0,0,0,0,0,0,0,0,0,0,0,0,0,0.0,0,0,0,0,0,0,439
J.Hankins,DT,IND,0,0,0,0,0,0,0,0,0,0,0,0,0,0.0,0,0,0,0,0,0,439
J.Simon,OLB,IND,0,0,0,0,0,0,0,0,0,0,0,0,0,2.0,0,0,0,0,0,0,114
M.Hooker,DEF,IND,0,0,0,0,0,0,0,0,0,0,0,2,0,0.0,0,0,0,0,0,0,24
A.Rodgers,QB,GB,967,52,0,6,0,0,0,0,0,0,1,0,0,0.0,0,0,0,0,0,0,4
T.Montgomery,WR,GB,0,124,129,0,2,1,0,0,0,0,0,0,0,0.0,0,0,0,0,0,0,31
J.Williams,RB,GB,0,21,5,0,0,0,0,0,0,0,0,0,0,0.0,0,0,0,0,0,0,297
M.Bennett,TE,GB,0,0,102,0,0,0,0,0,0,0,0,0,0,0.0,0,0,0,0,0,0,191
D.Adams,WR,GB,0,0,206,0,0,1,0,0,0,0,0,0,0,0.0,0,0,0,0,0,0,72
L.Kendricks,TE,GB,0,0,70,0,0,1,0,0,0,0,0,0,0,0.0,0,0,0,0,0,0,159
J.Nelson,WR,GB,0,0,131,0,0,3,0,0,0,0,0,0,0,0.0,0,0,0,0,0,0,51
R.Cobb,WR,GB,0,10,145,0,0,0,0,0,0,0,0,0,0,0.0,0,0,0,0,0,0,139
K.Fackrell,OLB,GB,0,0,0,0,0,0,0,0,0,0,0,0,0,0.0,0,0,0,0,0,0,439
M.Crosby,K,GB,0,0,0,0,0,0,4,0,7,0,0,0,0,0.0,0,0,0,0,0,0,19
J.Vogel,WR,GB,0,0,0,0,0,0,0,0,0,0,0,0,0,0.0,0,0,0,0,0,0,357
T.Davis,WR,GB,0,0,9,0,0,0,0,0,0,0,0,0,0,0.0,0,0,0,0,0,0,357
D.House,CB,GB,0,0,0,0,0,0,0,0,0,0,0,0,0,0.0,0,0,0,0,0,0,439
B.Martinez,ILB,GB,0,0,0,0,0,0,0,0,0,0,0,0,0,1.0,0,0,0,0,0,0,204
A.Brooks,OLB,GB,0,0,0,0,0,0,0,0,0,0,0,0,0,1.0,0,0,0,0,0,0,204
C.Matthews,ILB,GB,0,0,0,0,0,0,0,0,0,0,0,0,0,1.5,0,0,0,0,0,0,114
N.Perry,OLB,GB,0,0,0,0,0,0,0,0,0,0,0,0,0,1.5,0,0,0,0,0,0,114
K.Clark,NT,GB,0,0,0,0,0,0,0,0,0,0,0,0,0,0.0,0,0,0,0,0,0,439
M.Burnett,SS,GB,0,0,0,0,0,0,0,0,0,0,0,0,0,0.0,0,0,0,0,0,0,439
D.Randall,CB,GB,0,0,0,0,0,0,0,0,0,0,0,0,0,0.0,0,0,0,0,0,0,439
Q.Rollins,CB,GB,0,0,0,0,0,0,0,0,0,0,0,0,0,0.0,0,0,0,0,0,0,439
J.Ryan,ILB,GB,0,0,0,0,0,0,0,0,0,0,0,0,0,0.0,0,0,0,0,0,0,439
K.Brice,DB,GB,0,0,0,0,0,0,0,0,0,0,0,0,0,0.0,0,0,0,0,0,0,439
H.Clinton-Dix,FS,GB,0,0,0,0,0,0,0,0,0,0,0,0,0,0.0,0,0,0,0,0,0,439
M.Daniels,DE,GB,0,0,0,0,0,0,0,0,0,0,0,0,1,1.5,0,0,0,0,0,0,24
R.Wilson,QB,SEA,729,100,0,5,0,0,0,0,0,0,1,0,0,0.0,0,0,0,0,0,0,12
E.Lacy,RB,SEA,0,3,0,0,0,0,0,0,0,0,0,0,0,0.0,0,0,0,0,0,0,357
C.Carson,RB,SEA,0,166,35,0,0,1,0,0,0,0,0,0,0,0.0,0,0,0,0,0,0,79
D.Baldwin,WR,SEA,0,-3,212,0,0,1,0,0,0,0,0,0,0,0.0,0,0,0,0,0,0,72
C.Prosise,RB,SEA,0,20,87,0,0,0,0,0,0,0,0,0,0,0.0,0,0,0,0,0,0,191
N.Vannett,TE,SEA,0,0,10,0,0,0,0,0,0,0,0,0,0,0.0,0,0,0,0,0,0,320
P.Richardson,WR,SEA,0,0,108,0,0,2,0,0,0,0,0,0,0,0.0,0,0,0,0,0,0,101
T.Lockett,WR,SEA,0,0,102,0,0,0,0,0,0,0,0,0,0,0.0,0,0,0,0,0,0,191
J.Graham,TE,SEA,0,0,81,0,0,0,0,0,0,0,0,0,0,0.0,0,0,0,0,0,0,210
B.Walsh,K,SEA,0,0,0,0,0,0,5,0,3,0,0,0,0,0.0,0,0,0,0,0,0,21
K.Wright,OLB,SEA,0,0,0,0,0,0,0,0,0,0,0,0,0,0.0,0,0,0,0,0,0,439
R.Sherman,CB,SEA,0,0,0,0,0,0,0,0,0,0,0,0,0,0.0,0,0,0,0,0,0,439
N.Jones,DEF,SEA,0,0,0,0,0,0,0,0,0,0,0,1,0,0.0,0,0,0,0,0,0,114
M.Bennett,DE,SEA,0,0,0,0,0,0,0,0,0,0,0,0,0,2.5,0,0,0,0,0,0,50
T.Garvin,LB,SEA,0,0,0,0,0,0,0,0,0,0,0,0,0,1.0,0,0,0,0,0,0,204
K.Chancellor,SS,SEA,0,0,0,0,0,0,0,0,0,0,0,0,0,0.0,0,0,0,0,0,0,439
M.Smith,DE,SEA,0,0,0,0,0,0,0,0,0,0,0,0,0,0.0,0,0,0,0,0,0,439
S.Griffin,DEF,SEA,0,0,0,0,0,0,0,0,0,0,0,0,0,0.0,0,0,0,0,0,0,439
C.Avril,DE,SEA,0,0,0,0,0,0,0,0,0,0,0,0,0,1.0,0,0,0,0,0,0,204
D.Bass,OLB,SEA,0,0,0,0,0,0,0,0,0,0,0,0,0,1.0,0,0,0,0,0,0,204
E.Thomas,FS,SEA,0,0,0,0,0,0,0,0,0,0,0,0,0,0.0,0,0,0,0,0,0,439
B.Wagner,MLB,SEA,0,0,0,0,0,0,0,0,0,0,0,1,0,0.0,0,0,0,0,0,0,114
F.Clark,DE,SEA,0,0,0,0,0,0,0,0,0,0,0,0,0,1.5,0,0,0,0,0,0,114
J.Reed,DT,SEA,0,0,0,0,0,0,0,0,0,0,0,0,0,0.0,0,0,0,0,0,0,439
S.Richardson,DE,SEA,0,0,0,0,0,0,0,0,0,0,0,0,0,0.0,0,0,0,0,0,0,439
J.Lane,CB,SEA,0,0,0,0,0,0,0,0,0,0,0,0,0,0.0,0,0,0,0,0,0,439
J.Coleman,CB,SEA,0,0,0,0,0,0,0,0,0,0,0,0,0,0.0,0,0,0,0,0,0,439
B.Hoyer,QB,SF,624,4,0,2,1,0,0,0,0,0,1,0,0,0.0,0,0,0,0,0,0,42
M.Breida,RB,SF,0,55,23,0,0,0,0,0,0,0,0,0,0,0.0,0,0,0,0,0,0,219
C.Hyde,RB,SF,0,253,61,0,2,0,0,0,0,0,0,0,0,0.0,0,0,0,0,0,0,29
K.Juszczyk,FB,SF,0,0,51,0,0,0,0,0,0,0,0,0,0,0.0,0,0,0,0,0,0,245
P.Garcon,WR,SF,0,0,249,0,0,0,0,0,0,0,0,0,0,0.0,0,0,0,0,0,0,86
M.Goodwin,WR,SF,0,0,109,0,0,0,0,0,0,0,0,0,0,0.0,0,0,0,0,0,0,191
G.Kittle,WR,SF,0,0,48,0,0,0,0,0,0,0,0,0,0,0.0,0,0,0,0,0,0,255
T.Taylor,WR,SF,0,0,46,0,0,1,0,0,0,0,0,0,0,0.0,0,0,0,0,0,0,191
A.Robinson,WR,SF,0,0,30,0,0,0,0,0,0,0,0,0,0,0.0,0,0,0,0,0,0,273
R.Robinson,CB,SF,0,0,0,0,0,0,0,0,0,0,0,0,1,0.0,0,0,0,0,0,0,114
R.Gould,K,SF,0,0,0,0,0,0,6,0,3,0,0,0,0,0.0,0,0,0,0,0,0,15
E.Mitchell,DT,SF,0,0,0,0,0,0,0,0,0,0,0,0,0,0.0,0,0,0,0,0,0,439
T.Carradine,DT,SF,0,0,0,0,0,0,0,0,0,0,0,0,0,1.0,0,0,0,0,0,0,204
R.Armstrong,OLB,SF,0,0,0,0,0,0,0,0,0,0,0,0,0,0.0,0,0,0,0,0,0,439
D.Johnson,CB,SF,0,0,0,0,0,0,0,0,0,0,0,0,0,0.0,0,0,0,0,0,0,439
K.Williams,DB,SF,0,0,0,0,0,0,0,0,0,0,0,0,0,0.0,0,0,0,0,0,0,439
R.Foster,DEF,SF,0,0,0,0,0,0,0,0,0,0,0,0,0,0.0,0,0,0,0,0,0,439
A.Armstead,DE,SF,0,0,0,0,0,0,0,0,0,0,0,0,0,1.0,0,0,0,0,0,0,204
J.Tartt,SS,SF,0,0,0,0,0,0,0,0,0,0,0,1,0,0.0,0,0,0,0,0,0,114
E.Harold,OLB,SF,0,0,0,0,0,0,0,0,0,0,0,0,0,0.0,0,0,0,0,0,0,439
D.Jones,DEF,SF,0,0,0,0,0,0,0,0,0,0,0,0,0,0.0,0,0,0,0,0,0,439
S.Thomas,DEF,SF,0,0,0,0,0,0,0,0,0,0,0,0,0,0.0,0,0,0,0,0,0,439
X.Cooper,DL,SF,0,0,0,0,0,0,0,0,0,0,0,0,0,0.0,0,0,0,0,0,0,439
D.Watson,LB,SF,0,0,0,0,0,0,0,0,0,0,0,0,0,0.0,0,0,0,0,0,0,439
N.Bowman,ILB,SF,0,0,0,0,0,0,0,0,0,0,0,0,0,0.0,0,0,0,0,0,0,439
D.Buckner,DE,SF,0,0,0,0,0,0,0,0,0,0,0,0,1,0.0,0,0,0,0,0,0,114
E.Reid,FS,SF,0,0,0,0,0,0,0,0,0,0,0,0,0,0.0,0,0,0,0,0,0,439
C.Newton,QB,CAR,566,46,0,2,1,0,0,0,0,0,0,0,0,0.0,0,0,0,0,0,0,36
J.Stewart,RB,CAR,0,162,21,0,0,1,0,0,0,0,0,0,0,0.0,0,0,0,0,0,0,86
C.McCaffrey,RB,CAR,0,73,173,0,0,0,0,0,0,0,1,0,0,0.0,0,0,0,0,0,0,101
F.Whittaker,RB,CAR,0,13,0,0,0,0,0,0,0,0,0,0,0,0.0,0,0,0,0,0,0,320
K.Benjamin,WR,CAR,0,0,110,0,0,0,0,0,0,0,0,0,0,0.0,0,0,0,0,0,0,180
R.Shepard,WR,CAR,0,0,59,0,0,1,0,0,0,0,0,0,0,0.0,0,0,0,0,0,0,180
D.Funchess,WR,CAR,0,0,146,0,0,0,0,0,0,0,0,0,0,0.0,0,0,0,0,0,0,148
G.Olsen,TE,CAR,0,0,28,0,0,0,0,0,0,0,0,0,0,0.0,0,0,0,0,0,0,297
S.Lotulelei,DT,CAR,0,0,0,0,0,0,0,0,0,0,0,0,0,0.5,0,0,0,0,0,0,204
G.Gano,K,CAR,0,0,0,0,0,0,8,0,3,0,0,0,0,0.0,0,0,0,0,0,0,6
M.Palardy,WR,CAR,0,0,0,0,0,0,0,0,0,0,0,0,0,0.0,0,0,0,0,0,0,357
K.Love,DE,CAR,0,0,0,0,0,0,0,0,0,0,0,0,0,0.0,0,0,0,0,0,0,439
M.Adams,SS,CAR,0,0,0,0,0,0,0,0,0,0,0,0,0,0.0,0,0,0,0,0,0,439
T.Davis,OLB,CAR,0,0,0,0,0,0,0,0,0,0,0,0,0,1.0,0,0,0,0,0,0,204
W.Horton,DE,CAR,0,0,0,0,0,0,0,0,0,0,0,0,1,1.0,0,0,0,0,0,0,50
M.Addison,DE,CAR,0,0,0,0,0,0,0,0,0,0,0,0,0,2.0,0,0,0,0,0,0,114
K.Coleman,FS,CAR,0,0,0,0,0,0,0,0,0,0,0,0,0,0.0,0,0,0,0,0,0,439
L.Kuechly,MLB,CAR,0,0,0,0,0,0,0,0,0,0,0,1,1,0.0,0,0,0,0,0,0,24
K.Short,DT,CAR,0,0,0,0,0,0,0,0,0,0,0,0,0,0.0,0,0,0,0,0,0,439
S.Thompson,OLB,CAR,0,0,0,0,0,0,0,0,0,0,0,0,0,1.0,0,0,0,0,0,0,204
J.Peppers,OLB,CAR,0,0,0,0,0,0,0,0,0,0,0,0,0,2.5,0,0,0,0,0,0,50
D.Worley,CB,CAR,0,0,0,0,0,0,0,0,0,0,0,0,0,0.0,0,0,0,0,0,0,439
J.Bradberry,CB,CAR,0,0,0,0,0,0,0,0,0,0,0,0,0,0.0,0,0,0,0,0,0,439
D.Prescott,QB,DAL,689,64,0,5,1,0,0,0,0,0,0,0,0,0.0,0,0,0,0,0,0,7
A.Morris,RB,DAL,0,1,0,0,0,0,0,0,0,0,0,0,0,0.0,0,0,0,0,0,0,357
E.Elliott,RB,DAL,0,192,64,0,1,0,0,0,0,0,0,0,0,0.0,0,0,0,0,0,0,51
B.Butler,WR,DAL,0,0,138,0,0,1,0,0,0,0,0,0,0,0.0,0,0,0,0,0,0,120
C.Beasley,WR,DAL,0,0,69,0,0,0,0,0,0,0,0,0,0,0.0,0,0,0,0,0,0,233
J.Witten,TE,DAL,0,0,159,0,0,2,0,0,0,0,0,0,0,0.0,0,0,0,0,0,0,65
D.Bryant,WR,DAL,0,0,114,0,0,2,0,0,0,0,0,0,0,0.0,0,0,0,0,0,0,93
T.Williams,WR,DAL,0,0,132,0,0,0,0,0,0,0,0,0,0,0.0,0,0,0,0,0,0,159
D.Bailey,K,DAL,0,0,0,0,0,0,5,0,7,0,0,0,0,0.0,0,0,0,0,0,0,12
R.Switzer,RB,DAL,0,3,0,0,0,0,0,0,0,0,0,0,0,0.0,0,0,0,0,0,0,357
J.Durant,LB,DAL,0,0,0,0,0,0,0,0,0,0,0,0,0,0.0,0,0,0,0,0,0,439
T.Crawford,DT,DAL,0,0,0,0,0,0,0,0,0,0,0,0,0,1.0,0,0,0,0,0,0,204
J.Smith,DEF,DAL,0,0,0,0,0,0,0,0,0,0,0,0,1,0.0,0,0,0,0,0,0,114
J.Heath,SS,DAL,0,0,0,0,0,0,0,0,0,0,0,0,0,0.0,0,0,0,0,0,0,439
C.Tapper,DE,DAL,0,0,0,0,0,0,0,0,0,0,0,0,0,1.0,0,0,0,0,0,0,204
O.Scandrick,CB,DAL,0,0,0,0,0,0,0,0,0,0,0,0,0,0.0,0,0,0,0,0,0,439
A.Brown,CB,DAL,0,0,0,0,0,0,0,0,0,0,0,1,0,0.0,0,0,0,0,0,0,114
D.Lawrence,DE,DAL,0,0,0,0,0,0,0,0,0,0,0,0,1,7.0,0,0,0,0,0,0,2
S.Paea,DT,DAL,0,0,0,0,0,0,0,0,0,0,0,0,0,0.0,0,0,0,0,0,0,439
K.Frazier,SS,DAL,0,0,0,0,0,0,0,0,0,0,0,0,0,0.0,0,0,0,0,0,0,439
S.Lee,OLB,DAL,0,0,0,0,0,0,0,0,0,0,0,0,0,0.0,0,0,0,0,0,0,439
M.Collins,DT,DAL,0,0,0,0,0,0,0,0,0,0,0,0,0,2.0,0,0,0,0,0,0,114
B.Jones,FS,DAL,0,0,0,0,0,0,0,0,0,0,0,0,0,0.0,0,0,0,0,0,0,439
D.Wilson,ILB,DAL,0,0,0,0,0,0,0,0,0,0,0,0,0,0.0,0,0,0,0,0,0,439
N.Carroll,CB,DAL,0,0,0,0,0,0,0,0,0,0,0,0,0,0.0,0,0,0,0,0,0,439
C.Awuzie,DEF,DAL,0,0,0,0,0,0,0,0,0,0,0,0,0,0.0,0,0,0,0,0,0,439
E.Manning,QB,NYG,825,-1,0,4,0,0,0,0,0,0,0,0,0,0.0,0,0,0,0,0,0,24
O.Darkwa,RB,NYG,0,53,13,0,0,0,0,0,0,0,0,0,0,0.0,0,0,0,0,0,0,233
P.Perkins,RB,NYG,0,48,29,0,0,0,0,0,0,0,0,0,0,0.0,0,0,0,0,0,0,233
S.Shepard,WR,NYG,0,13,200,0,0,1,0,0,0,0,0,0,0,0.0,0,0,0,0,0,0,65
R.Ellison,TE,NYG,0,0,30,0,0,0,0,0,0,0,0,0,0,0.0,0,0,0,0,0,0,273
R.Lewis,WR,NYG,0,0,73,0,0,0,0,0,0,0,0,0,0,0.0,0,0,0,0,0,0,219
E.Engram,WR,NYG,0,0,138,0,0,1,0,0,0,0,0,0,0,0.0,0,0,0,0,0,0,120
S.Vereen,RB,NYG,0,33,96,0,0,0,0,0,0,0,0,0,0,0.0,0,0,0,0,0,0,169
B.Marshall,WR,NYG,0,0,93,0,0,0,0,0,0,0,0,0,0,0.0,0,0,0,0,0,0,201
A.Rosas,K,NYG,0,0,0,0,0,0,3,0,4,0,0,0,0,0.0,0,0,0,0,0,0,28
D.Harris,WR,NYG,0,0,0,0,0,0,0,0,0,0,0,0,0,0.0,0,0,0,0,0,0,357
D.Kennard,OLB,NYG,0,0,0,0,0,0,0,0,0,0,0,0,0,1.0,0,0,0,0,0,0,204
D.Harrison,DT,NYG,0,0,0,0,0,0,0,0,0,0,0,0,0,0.0,0,0,0,0,0,0,439
D.Rodgers-Cromarti,CB,NYG,0,0,0,0,0,0,0,0,0,0,0,0,0,0.0,0,0,0,0,0,0,439
L.Collins,FS,NYG,0,0,0,0,0,0,0,0,0,0,0,0,1,0.0,0,0,0,0,0,0,114
R.Thomas,NT,NYG,0,0,0,0,0,0,0,0,0,0,0,0,0,0.0,0,0,0,0,0,0,439
D.Thompson,SAF,NYG,0,0,0,0,0,0,0,0,0,0,0,0,0,0.0,0,0,0,0,0,0,439
J.Casillas,OLB,NYG,0,0,0,0,0,0,0,0,0,0,0,0,0,0.0,0,0,0,0,0,0,439
J.Jenkins,DB,NYG,0,0,0,0,0,0,0,0,0,0,0,0,0,0.0,0,0,0,0,0,0,439
D.Tomlinson,DEF,NYG,0,0,0,0,0,0,0,0,0,0,0,0,0,0.0,0,0,0,0,0,0,439
B.Goodson,OLB,NYG,0,0,0,0,0,0,0,0,0,0,0,0,0,0.0,0,0,0,0,0,0,439
O.Vernon,DE,NYG,0,0,0,0,0,0,0,0,0,0,0,0,0,2.0,0,0,0,0,0,0,114
J.Pierre-Paul,DE,NYG,0,0,0,0,0,0,0,0,0,0,0,0,1,1.0,0,0,0,0,0,0,50
R.Okwara,DE,NYG,0,0,0,0,0,0,0,0,0,0,0,0,0,0.0,0,0,0,0,0,0,439
J.Bromley,DT,NYG,0,0,0,0,0,0,0,0,0,0,0,0,0,1.0,0,0,0,0,0,0,204
K.Wynn,DE,NYG,0,0,0,0,0,0,0,0,0,0,0,0,0,1.0,0,0,0,0,0,0,204
E.Apple,CB,NYG,0,0,0,0,0,0,0,0,0,0,0,0,0,0.0,0,0,0,0,0,0,439
S.Bradford,QB,MIN,346,-3,0,3,0,0,0,0,0,0,0,0,0,0.0,0,0,0,0,0,0,86
S.Diggs,WR,MIN,0,-2,293,0,0,4,0,0,0,0,0,0,0,0.0,0,0,0,0,0,0,16
D.Cook,RB,MIN,0,288,82,0,1,0,0,0,0,0,0,0,0,0.0,0,0,0,0,0,0,31
J.McKinnon,RB,MIN,0,26,40,0,0,0,0,0,0,0,0,0,0,0.0,0,0,0,0,0,0,233
L.Murray,RB,MIN,0,17,0,0,0,0,0,0,0,0,0,0,0,0.0,0,0,0,0,0,0,320
K.Rudolph,TE,MIN,0,0,75,0,0,1,0,0,0,0,0,0,0,0.0,0,0,0,0,0,0,159
J.Wright,WR,MIN,0,0,39,0,0,1,0,0,0,0,0,0,0,0.0,0,0,0,0,0,0,201
L.Treadwell,WR,MIN,0,0,42,0,0,0,0,0,0,0,0,0,0,0.0,0,0,0,0,0,0,255
A.Thielen,WR,MIN,0,0,299,0,0,0,0,0,0,0,1,0,0,0.0,0,0,0,0,0,0,65
D.Morgan,TE,MIN,0,0,0,0,0,0,0,0,0,0,0,0,0,0.0,0,0,0,0,0,0,357
K.Forbath,K,MIN,0,0,0,0,0,0,6,0,6,0,0,0,0,0.0,0,0,0,0,0,0,10
M.Sherels,CB,MIN,0,0,0,0,0,0,0,0,0,0,0,0,0,0.0,0,0,0,0,0,0,439
H.Smith,FS,MIN,0,0,0,0,0,0,0,0,0,0,0,1,0,0.0,0,0,0,0,0,0,114
A.Sendejo,SS,MIN,0,0,0,0,0,0,0,0,0,0,0,1,0,0.0,0,0,0,0,0,0,114
T.Waynes,CB,MIN,0,0,0,0,0,0,0,0,0,0,0,1,0,0.0,0,0,0,0,0,0,114
S.Stephen,DT,MIN,0,0,0,0,0,0,0,0,0,0,0,0,0,1.0,0,0,0,0,0,0,204
A.Barr,OLB,MIN,0,0,0,0,0,0,0,0,0,0,0,0,0,0.0,0,0,0,0,0,0,439
D.Hunter,DE,MIN,0,0,0,0,0,0,0,0,0,0,0,0,0,0.0,0,0,0,0,0,0,439
T.Johnson,DT,MIN,0,0,0,0,0,0,0,0,0,0,0,0,0,0.0,0,0,0,0,0,0,439
L.Joseph,DT,MIN,0,0,0,0,0,0,0,0,0,0,0,0,0,0.0,0,0,0,0,0,0,439
E.Griffen,DE,MIN,0,0,0,0,0,0,0,0,0,0,0,0,0,4.0,0,0,0,0,0,0,24
T.Newman,CB,MIN,0,0,0,0,0,0,0,0,0,0,0,0,0,0.0,0,0,0,0,0,0,439
X.Rhodes,CB,MIN,0,0,0,0,0,0,0,0,0,0,0,0,0,0.0,0,0,0,0,0,0,439
B.Gedeon,DEF,MIN,0,0,0,0,0,0,0,0,0,0,0,0,0,0.0,0,0,0,0,0,0,439
E.Kendricks,MLB,MIN,0,0,0,0,0,0,0,0,0,0,0,0,0,0.0,0,0,0,0,0,0,439
D.Brees,QB,NO,867,0,0,6,0,0,0,0,0,0,0,0,0,0.0,0,0,0,0,0,0,9
A.Kamara,RB,NO,0,58,76,0,1,0,0,0,0,0,0,0,0,0.0,0,0,0,0,0,0,126
J.Kuhn,RB,NO,0,2,0,0,0,0,0,0,0,0,0,0,0,0.0,0,0,0,0,0,0,357
M.Ingram,RB,NO,0,125,108,0,0,0,0,0,0,0,0,0,0,0.0,0,0,0,0,0,0,101
A.Peterson,RB,NO,0,77,4,0,0,0,0,0,0,0,0,0,0,0.0,0,0,0,0,0,0,219
T.Ginn,WR,NO,0,20,121,0,0,1,0,0,0,0,0,0,0,0.0,0,0,0,0,0,0,114
M.Thomas,WR,NO,0,0,221,0,0,1,0,0,0,0,0,0,0,0.0,0,0,0,0,0,0,60
C.Fleener,TE,NO,0,0,108,0,0,2,0,0,0,0,0,0,0,0.0,0,0,0,0,0,0,101
B.Coleman,WR,NO,0,0,106,0,0,2,0,0,0,0,0,0,0,0.0,0,0,0,0,0,0,101
T.Lewis,WR,NO,0,8,83,0,0,0,0,0,0,0,0,0,0,0.0,0,0,0,0,0,0,210
W.Lutz,K,NO,0,0,0,0,0,0,8,2,7,0,0,0,0,0.0,0,0,0,0,0,0,4
T.Edmunds,WR,NO,0,0,0,0,0,0,0,0,0,0,0,0,0,0.0,0,0,0,0,0,0,357
M.Te'o,ILB,NO,0,0,0,0,0,0,0,0,0,0,0,0,0,0.0,0,0,0,0,0,0,439
D.Harris,CB,NO,0,0,0,0,0,0,0,0,0,0,0,0,0,0.0,0,0,0,0,0,0,439
K.Vaccaro,SS,NO,0,0,0,0,0,0,0,0,0,0,0,1,0,0.0,0,0,0,0,0,0,114
S.Rankins,DT,NO,0,0,0,0,0,0,0,0,0,0,0,0,0,0.0,0,0,0,0,0,0,439
T.Davison,DT,NO,0,0,0,0,0,0,0,0,0,0,0,0,0,0.0,0,0,0,0,0,0,439
A.Anzalone,DEF,NO,0,0,0,0,0,0,0,0,0,0,0,0,0,1.0,0,0,0,0,0,0,204
A.Klein,MLB,NO,0,0,0,0,0,0,0,0,0,0,0,0,1,0.0,0,0,0,0,0,0,114
M.Williams,DEF,NO,0,0,0,0,0,0,0,0,0,0,0,1,0,0.0,0,0,0,0,0,0,114
D.Onyemata,DT,NO,0,0,0,0,0,0,0,0,0,0,0,0,0,0.0,0,0,0,0,0,0,439
A.Okafor,OLB,NO,0,0,0,0,0,0,0,0,0,0,0,0,1,1.0,0,0,0,0,0,0,50
P.Williams,CB,NO,0,0,0,0,0,0,0,0,0,0,0,1,0,0.0,0,0,0,0,0,0,114
C.Robertson,LB,NO,0,0,0,0,0,0,0,0,0,0,0,0,0,0.0,0,0,0,0,0,0,439
M.Lattimore,DEF,NO,0,0,0,0,0,0,0,0,0,0,0,0,0,0.0,0,0,0,0,0,0,439
C.Jordan,DE,NO,0,0,0,0,0,0,0,0,0,0,0,0,0,2.0,0,0,0,0,0,0,114
T.Siemian,QB,DEN,709,45,0,6,1,0,0,0,0,0,1,0,0,0.0,0,0,0,0,0,0,6
J.Charles,RB,DEN,0,142,7,0,1,0,0,0,0,0,1,0,0,0.0,0,0,0,0,0,0,126
C.Anderson,RB,DEN,0,235,50,0,1,1,0,0,0,0,0,0,0,0.0,0,0,0,0,0,0,36
E.Sanders,WR,DEN,0,0,163,0,0,2,0,0,0,0,0,0,0,0.0,0,0,0,0,0,0,60
B.Fowler,WR,DEN,0,0,84,0,0,2,0,0,0,0,0,0,0,0.0,0,0,0,0,0,0,114
V.Green,TE,DEN,0,0,73,0,0,1,0,0,0,0,0,0,0,0.0,0,0,0,0,0,0,159
A.Derby,TE,DEN,0,0,39,0,0,0,0,0,0,0,0,0,0,0.0,0,0,0,0,0,0,273
D. Thomas,WR,DEN,0,0,236,0,0,0,0,0,0,0,0,0,0,0.0,0,0,0,0,0,0,93
J.Heuerman,TE,DEN,0,0,35,0,0,0,0,0,0,0,0,0,0,0.0,0,0,0,0,0,0,273
B.McManus,K,DEN,0,0,0,0,0,0,4,2,10,0,0,0,0,0.0,0,0,0,0,0,0,18
C.Latimer,WR,DEN,0,0,22,0,0,0,0,0,0,0,0,0,0,0.0,0,0,0,0,0,0,297
I.McKenzie,RB,DEN,0,4,0,0,0,0,0,0,0,0,0,0,0,0.0,0,0,0,0,0,0,357
B.Roby,FS,DEN,0,0,0,0,0,0,0,0,0,0,0,1,0,0.0,0,0,0,0,0,0,114
D.Wolfe,DE,DEN,0,0,0,0,0,0,0,0,0,0,0,0,0,0.0,0,0,0,0,0,0,439
T.Davis,MLB,DEN,0,0,0,0,0,0,0,0,0,0,0,0,0,1.0,0,0,0,0,0,0,204
D.Stewart,FS,DEN,0,0,0,0,0,0,0,0,0,0,0,0,0,0.0,0,0,0,0,0,0,439
S.Barrett,OLB,DEN,0,0,0,0,0,0,0,0,0,0,0,0,0,1.0,0,0,0,0,0,0,204
J.Simmons,FS,DEN,0,0,0,0,0,0,0,0,0,0,0,0,0,0.0,0,0,0,0,0,0,439
S.Harris,DE,DEN,0,0,0,0,0,0,0,0,0,0,0,0,0,1.0,0,0,0,0,0,0,204
C.Nelson,OLB,DEN,0,0,0,0,0,0,0,0,0,0,0,0,0,0.0,0,0,0,0,0,0,439
C.Harris,CB,DEN,0,0,0,0,0,0,0,0,0,0,0,1,0,0.0,0,0,0,0,0,0,114
D.Peko,DT,DEN,0,0,0,0,0,0,0,0,0,0,0,0,0,0.0,0,0,0,0,0,0,439
V.Miller,OLB,DEN,0,0,0,0,0,0,0,0,0,0,0,0,0,3.0,0,0,0,0,0,0,50
B.Marshall,ILB,DEN,0,0,0,0,0,0,0,0,0,0,0,0,0,1.0,0,0,0,0,0,0,204
T.Jarrett,DEF,DEN,0,0,0,0,0,0,0,0,0,0,0,0,0,0.0,0,0,0,0,0,0,439
A.Talib,CB,DEN,0,0,0,0,0,0,0,0,0,0,0,1,0,0.0,0,0,0,0,0,0,114
W.Parks,DB,DEN,0,0,0,0,0,0,0,0,0,0,0,0,0,0.0,0,0,0,0,0,0,439
A.Gotsis,DT,DEN,0,0,0,0,0,0,0,0,0,0,0,0,0,0.0,0,0,0,0,0,0,439
P.Rivers,QB,LAC,760,0,0,4,0,0,0,0,0,0,0,0,0,0.0,0,0,0,0,0,0,26
M.Gordon,RB,LAC,0,146,90,0,2,1,0,0,0,0,0,0,0,0.0,0,0,0,0,0,0,33
B.Oliver,RB,LAC,0,57,18,0,0,0,0,0,0,0,0,0,0,0.0,0,0,0,0,0,0,233
K.Allen,WR,LAC,0,0,196,0,0,1,0,0,0,0,0,0,0,0.0,0,0,0,0,0,0,79
Ty.Williams,WR,LAC,0,0,123,0,0,0,0,0,0,0,0,0,0,0.0,0,0,0,0,0,0,169
A.Gates,TE,LAC,0,0,58,0,0,1,0,0,0,0,0,0,0,0.0,0,0,0,0,0,0,180
A.Ekeler,WR,LAC,0,0,24,0,0,0,0,0,0,0,0,0,0,0.0,0,0,0,0,0,0,297
T.Benjamin,WR,LAC,0,9,159,0,0,1,0,0,0,0,0,0,0,0.0,0,0,0,0,0,0,108
C.Hayward,DB,LAC,0,0,0,0,0,0,0,0,0,0,0,0,0,0.0,0,0,0,0,0,0,439
Y.Koo,K,LAC,0,0,0,0,0,0,2,2,6,0,0,0,0,0.0,0,0,0,0,0,0,32
K.Emanuel,OLB,LAC,0,0,0,0,0,0,0,0,0,0,0,0,0,0.0,0,0,0,0,0,0,439
D.Square,NT,LAC,0,0,0,0,0,0,0,0,0,0,0,0,0,0.0,0,0,0,0,0,0,439
D.Philon,DE,LAC,0,0,0,0,0,0,0,0,0,0,0,0,0,0.0,0,0,0,0,0,0,439
J.Bosa,DE,LAC,0,0,0,0,0,0,0,0,0,0,0,0,0,2.0,0,0,0,0,0,0,114
T.Boston,FS,LAC,0,0,0,0,0,0,0,0,0,0,0,0,0,0.0,0,0,0,0,0,0,439
I.Rochell,DEF,LAC,0,0,0,0,0,0,0,0,0,0,0,0,0,0.0,0,0,0,0,0,0,439
B.Mebane,DT,LAC,0,0,0,0,0,0,0,0,0,0,0,0,0,0.0,0,0,0,0,0,0,439
J.Addae,SS,LAC,0,0,0,0,0,0,0,0,0,0,0,0,0,0.0,0,0,0,0,0,0,439
A.Phillips,CB,LAC,0,0,0,0,0,0,0,0,0,0,0,1,0,0.0,0,0,0,0,0,0,114
H.Pullard,OLB,LAC,0,0,0,0,0,0,0,0,0,0,0,0,0,0.0,0,0,0,0,0,0,439
K.Toomer,ILB,LAC,0,0,0,0,0,0,0,0,0,0,0,0,1,0.0,0,0,0,0,0,0,114
M.Ingram,OLB,LAC,0,0,0,0,0,0,0,0,0,0,0,0,0,5.5,0,0,0,0,0,0,9
C.McCain,DE,LAC,0,0,0,0,0,0,0,0,0,0,0,0,0,3.0,0,0,0,0,0,0,50
J.Brown,OLB,LAC,0,0,0,0,0,0,0,0,0,0,0,0,0,0.0,0,0,0,0,0,0,439
J.Verrett,CB,LAC,0,0,0,0,0,0,0,0,0,0,0,0,0,0.0,0,0,0,0,0,0,439
Tr.Williams,DEF,LAC,0,0,0,0,0,0,0,0,0,0,0,0,0,0.0,0,0,0,0,0,0,439
J.Ross,RB,CIN,0,12,0,0,0,0,0,0,0,0,1,0,0,0.0,0,0,0,0,0,0,389
R.Bullock,K,CIN,0,0,0,0,0,0,4,1,3,0,0,0,0,0.0,0,0,0,0,0,0,26
A.Jones,CB,CIN,0,0,0,0,0,0,0,0,0,0,0,0,0,0.0,0,0,0,0,0,0,439
S.Williams,SS,CIN,0,0,0,0,0,0,0,0,0,0,0,0,0,0.0,0,0,0,0,0,0,439
B.Miller,WR,HOU,0,0,25,0,0,0,0,0,0,0,0,0,0,0.0,0,0,0,0,0,0,297
D.Cole,DEF,HOU,0,0,0,0,0,0,0,0,0,0,0,0,0,0.0,0,0,0,0,0,0,439
A.Collins,RB,BAL,0,124,0,0,0,0,0,0,0,0,1,0,0,0.0,0,0,0,0,0,0,191
B.Watson,TE,BAL,0,0,103,0,0,1,0,0,0,0,0,0,0,0.0,0,0,0,0,0,0,134
M.Humphrey,DEF,BAL,0,0,0,0,0,0,0,0,0,0,0,0,0,0.0,0,0,0,0,0,0,439
P.Onwuasor,DEF,BAL,0,0,0,0,0,0,0,0,0,0,0,0,0,1.0,0,0,0,0,0,0,204
T.Williams,DEF,BAL,0,0,0,0,0,0,0,0,0,0,0,0,0,0.0,0,0,0,0,0,0,439
C.Davis,DE,BAL,0,0,0,0,0,0,0,0,0,0,0,0,0,0.0,0,0,0,0,0,0,439
K.Hogan,QB,CLE,118,5,0,1,0,0,0,0,0,0,0,0,0,0.0,0,0,0,0,0,0,210
R.Higgins,WR,CLE,0,4,105,0,0,0,0,0,0,0,0,0,0,0.0,0,0,0,0,0,0,191
R.Telfer,TE,CLE,0,0,24,0,0,0,0,0,0,0,0,0,0,0.0,0,0,0,0,0,0,297
N.Orchard,LB,CLE,0,0,0,0,0,0,0,0,0,0,0,0,0,1.0,0,0,0,0,0,0,204
J.Meder,DT,CLE,0,0,0,0,0,0,0,0,0,0,0,0,0,0.0,0,0,0,0,0,0,439
J.Burgess,DEF,CLE,0,0,0,0,0,0,0,0,0,0,0,0,1,1.0,0,0,0,0,0,0,50
C.Samuel,RB,CAR,0,31,12,0,0,0,0,0,0,0,0,0,0,0.0,0,0,0,0,0,0,255
E.Dickson,TE,CAR,0,0,34,0,0,0,0,0,0,0,0,0,0,0.0,0,0,0,0,0,0,273
C.Munnerlyn,CB,CAR,0,0,0,0,0,0,0,0,0,0,0,0,0,0.0,0,0,0,0,0,0,439
V.Butler,DT,CAR,0,0,0,0,0,0,0,0,0,0,0,0,0,0.0,0,0,0,0,0,0,439
Ch.Johnson,DE,CAR,0,0,0,0,0,0,0,0,0,0,0,0,0,0.0,0,0,0,0,0,0,439
S.Wright,CB,BUF,0,0,0,0,0,0,0,0,0,0,0,0,0,0.0,0,0,0,0,0,0,439
K.Clay,WR,BUF,0,0,28,0,0,0,0,0,0,0,0,0,0,0.0,0,0,0,0,0,0,297
C.Thornton,DT,BUF,0,0,0,0,0,0,0,0,0,0,0,0,0,0.0,0,0,0,0,0,0,439
M.Dareus,DT,BUF,0,0,0,0,0,0,0,0,0,0,0,0,0,0.0,0,0,0,0,0,0,439
R.Davis,DE,BUF,0,0,0,0,0,0,0,0,0,0,0,0,0,0.0,0,0,0,0,0,0,439
B.Williams,TE,IND,0,0,27,0,0,0,0,0,0,0,0,0,0,0.0,0,0,0,0,0,0,297
D.Bond,WR,IND,0,0,0,0,0,0,0,0,0,0,0,0,0,0.0,0,0,0,0,0,0,357
C.Milton,WR,IND,0,0,0,0,0,0,0,0,0,0,0,0,0,0.0,0,0,0,0,0,0,357
H.Ridgeway,DT,IND,0,0,0,0,0,0,0,0,0,0,0,0,0,1.0,0,0,0,0,0,0,204
C.Johnson,RB,ARI,0,61,4,0,0,0,0,0,0,0,0,0,0,0.0,0,0,0,0,0,0,233
B.Golden,WR,ARI,0,0,50,0,0,0,0,0,0,0,0,0,0,0.0,0,0,0,0,0,0,245
C.Williams,WR,ARI,0,0,23,0,0,0,0,0,0,0,0,0,0,0.0,0,0,0,0,0,0,297
T.Niklas,TE,ARI,0,0,26,0,0,0,0,0,0,0,0,0,0,0.0,0,0,0,0,0,0,297
B.Baker,DEF,ARI,0,0,0,0,0,0,0,0,0,0,0,0,0,0.0,0,0,0,0,0,0,439
C.Grant,RB,JAX,0,88,18,0,0,0,0,0,0,0,0,0,0,0.0,0,0,0,0,0,0,201
K.Cole,WR,JAX,0,0,26,0,0,0,0,0,0,0,0,0,0,0.0,0,0,0,0,0,0,297
M.Bennett,DT,JAX,0,0,0,0,0,0,0,0,0,0,0,0,0,0.0,0,0,0,0,0,0,439
J.Fowler,FB,TEN,0,3,0,0,1,0,0,0,0,0,0,0,0,0.0,0,0,0,0,0,0,233
D.Fluellen,RB,TEN,0,18,0,0,0,0,0,0,0,0,0,0,0,0.0,0,0,0,0,0,0,320
J.Smith,WR,TEN,0,0,54,0,0,2,0,0,0,0,0,0,0,0.0,0,0,0,0,0,0,130
E.Weems,WR,TEN,0,0,0,0,0,0,0,0,0,0,0,0,0,0.0,0,0,0,0,0,0,357
L.Sims,CB,TEN,0,0,0,0,0,0,0,0,0,0,0,0,1,0.0,0,0,0,0,0,0,114
J.Casey,DE,TEN,0,0,0,0,0,0,0,0,0,0,0,0,0,0.0,0,0,0,0,0,0,439
C.Riley,CB,TEN,0,0,0,0,0,0,0,0,0,0,0,1,0,0.0,0,0,0,0,0,0,114
A.Sherman,FB,KC,0,0,11,0,0,0,0,0,0,0,0,0,0,0.0,0,0,0,0,0,0,320
A.Hunt,RB,KC,0,0,0,0,0,0,0,0,0,0,0,0,0,0.0,0,0,0,0,0,0,357
C.Jones,DT,KC,0,0,0,0,0,0,0,0,0,0,0,1,2,3.0,0,0,0,0,0,0,2
R.Nunez-Roches,DT,KC,0,0,0,0,0,0,0,0,0,0,0,0,0,0.0,0,0,0,0,0,0,439
R.Wilson,ILB,KC,0,0,0,0,0,0,0,0,0,0,0,0,0,0.0,0,0,0,0,0,0,439
M.Hollins,WR,PHI,0,0,32,0,0,0,0,0,0,0,0,0,0,0.0,0,0,0,0,0,0,273
J.Elliott,K,PHI,0,0,0,0,0,0,4,2,5,0,0,0,0,0.0,0,0,0,0,0,0,25
B.Allen,NT,PHI,0,0,0,0,0,0,0,0,0,0,0,0,0,0.0,0,0,0,0,0,0,439
R.Douglas,DEF,PHI,0,0,0,0,0,0,0,0,0,0,0,1,0,0.0,0,0,0,0,0,0,114
J.Hill,TE,NO,0,0,32,0,0,0,0,0,0,0,0,0,0,0.0,0,0,0,0,0,0,273
M.Hoomanawanui,TE,NO,0,0,8,0,0,0,0,0,0,0,0,0,0,0.0,0,0,0,0,0,0,357
S.Moore,LB,NO,0,0,0,0,0,0,0,0,0,0,0,0,0,0.0,0,0,0,0,0,0,439
R.Bush,DB,NO,0,0,0,0,0,0,0,0,0,0,0,0,0,0.0,0,0,0,0,0,0,439
T.Hendrickson,DEF,NO,0,0,0,0,0,0,0,0,0,0,0,0,1,1.0,0,0,0,0,0,0,50
V.Bell,FS,NO,0,0,0,0,0,0,0,0,0,0,0,0,0,0.0,0,0,0,0,0,0,439
H.Kikaha,OLB,NO,0,0,0,0,0,0,0,0,0,0,0,0,0,2.0,0,0,0,0,0,0,114
P.Dorsett,WR,NE,0,7,68,0,0,0,0,0,0,0,0,0,0,0.0,0,0,0,0,0,0,233
J.Hollister,WR,NE,0,0,24,0,0,0,0,0,0,0,0,0,0,0.0,0,0,0,0,0,0,297
J.Develin,FB,NE,0,0,6,0,0,0,0,0,0,0,0,0,0,0.0,0,0,0,0,0,0,357
D.Harmon,FS,NE,0,0,0,0,0,0,0,0,0,0,0,1,0,0.0,0,0,0,0,0,0,114
J.Jones,CB,NE,0,0,0,0,0,0,0,0,0,0,0,0,0,0.0,0,0,0,0,0,0,439
E.Roberts,ILB,NE,0,0,0,0,0,0,0,0,0,0,0,0,0,0.0,0,0,0,0,0,0,439
T.Watson,RB,PIT,0,4,0,0,0,0,0,0,0,0,0,0,0,0.0,0,0,0,0,0,0,357
B.Dupree,OLB,PIT,0,0,0,0,0,0,0,0,0,0,0,0,0,1.0,0,0,0,0,0,0,204
C.Keenum,QB,MIN,536,18,0,3,0,0,0,0,0,0,0,0,0,0.0,0,0,0,0,0,0,46
C.Ham,RB,MIN,0,1,12,0,1,0,0,0,0,0,0,0,0,0.0,0,0,0,0,0,0,219
B.Robison,DE,MIN,0,0,0,0,0,0,0,0,0,0,0,0,0,0.0,0,0,0,0,0,0,439
M.Alexander,CB,MIN,0,0,0,0,0,0,0,0,0,0,0,0,0,0.0,0,0,0,0,0,0,439
R.Fitzpatrick,QB,TB,0,-2,0,0,0,0,0,0,0,0,0,0,0,0.0,0,0,0,0,0,0,389
J.Winston,QB,TB,532,7,0,3,0,0,0,0,0,0,0,0,0,0.0,0,0,0,0,0,0,48
P.Barber,RB,TB,0,47,0,0,0,0,0,0,0,0,0,0,0,0.0,0,0,0,0,0,0,255
J.Rodgers,RB,TB,0,82,0,0,1,0,0,0,0,0,0,0,0,0.0,0,0,0,0,0,0,148
C.Sims III,RB,TB,0,6,16,0,0,0,0,0,0,0,1,0,0,0.0,0,0,0,0,0,0,389
M.Evans,WR,TB,0,0,160,0,0,1,0,0,0,0,0,0,0,0.0,0,0,0,0,0,0,101
A.Humphries,WR,TB,0,0,86,0,0,0,0,0,0,0,0,0,0,0.0,0,0,0,0,0,0,210
C.Brate,TE,TB,0,0,57,0,0,1,0,0,0,0,0,0,0,0.0,0,0,0,0,0,0,180
O.Howard,WR,TB,0,0,29,0,0,0,0,0,0,0,0,0,0,0.0,0,0,0,0,0,0,297
D.Jackson,WR,TB,0,0,123,0,0,1,0,0,0,0,0,0,0,0.0,0,0,0,0,0,0,126
A.Cross,TE,TB,0,0,11,0,0,0,0,0,0,0,0,0,0,0.0,0,0,0,0,0,0,320
L.David,OLB,TB,0,0,0,0,0,0,0,0,0,0,0,0,0,0.0,0,0,0,0,0,0,439
C.Lynch,DB,TB,0,0,0,0,0,0,0,0,0,0,0,0,0,0.0,0,0,0,0,0,0,439
N.Folk,K,TB,0,0,0,0,0,0,4,0,4,0,0,0,0,0.0,0,0,0,0,0,0,23
B.Reedy,WR,TB,0,3,6,0,0,0,0,0,0,0,0,0,0,0.0,0,0,0,0,0,0,357
R.Smith,CB,TB,0,0,0,0,0,0,0,0,0,0,0,0,0,0.0,0,0,0,0,0,0,439
R.Russell,DE,TB,0,0,0,0,0,0,0,0,0,0,0,0,0,0.0,0,0,0,0,0,0,439
W.Gholston,DE,TB,0,0,0,0,0,0,0,0,0,0,0,0,0,0.0,0,0,0,0,0,0,439
T.Ward,SS,TB,0,0,0,0,0,0,0,0,0,0,0,0,0,0.0,0,0,0,0,0,0,439
C.McDonald,DT,TB,0,0,0,0,0,0,0,0,0,0,0,0,0,0.0,0,0,0,0,0,0,439
K.Beckwith,DEF,TB,0,0,0,0,0,0,0,0,0,0,0,0,0,0.0,0,0,0,0,0,0,439
K.Alexander,MLB,TB,0,0,0,0,0,0,0,0,0,0,0,1,0,0.0,0,0,0,0,0,0,114
C.Conte,SS,TB,0,0,0,0,0,0,0,0,0,0,0,0,0,0.0,0,0,0,0,0,0,439
V.Hargreaves III,CB,TB,0,0,0,0,0,0,0,0,0,0,0,0,0,0.0,0,0,0,0,0,0,439
K.Tandy,SS,TB,0,0,0,0,0,0,0,0,0,0,0,0,0,0.0,0,0,0,0,0,0,439
A.Glanton,OLB,TB,0,0,0,0,0,0,0,0,0,0,0,0,0,0.0,0,0,0,0,0,0,439
N.Spence,DE,TB,0,0,0,0,0,0,0,0,0,0,0,0,1,1.0,0,0,0,0,0,0,50
B.Grimes,DB,TB,0,0,0,0,0,0,0,0,0,0,0,0,0,0.0,0,0,0,0,0,0,439
G.McCoy,DT,TB,0,0,0,0,0,0,0,0,0,0,0,0,0,0.0,0,0,0,0,0,0,439
R.McClain,DB,TB,0,0,0,0,0,0,0,0,0,0,0,1,0,0.0,0,0,0,0,0,0,114
T.Gentry,WR,CHI,0,0,27,0,0,0,0,0,0,0,0,0,0,0.0,0,0,0,0,0,0,297
P.McPhee,OLB,CHI,0,0,0,0,0,0,0,0,0,0,0,0,1,1.0,0,0,0,0,0,0,50
J.Bullard,DT,CHI,0,0,0,0,0,0,0,0,0,0,0,0,0,0.0,0,0,0,0,0,0,439
C.LeBlanc,CB,CHI,0,0,0,0,0,0,0,0,0,0,0,0,0,0.0,0,0,0,0,0,0,439
C.Jones,ILB,CHI,0,0,0,0,0,0,0,0,0,0,0,0,0,0.0,0,0,0,0,0,0,439
J.Anderson,OLB,CHI,0,0,0,0,0,0,0,0,0,0,0,0,0,0.0,0,0,0,0,0,0,439
D.Watt,FB,LAC,0,0,0,0,0,0,0,0,0,0,0,0,0,0.0,0,0,0,0,0,0,357
H.Henry,TE,LAC,0,0,80,0,0,0,0,0,0,0,0,0,0,0.0,0,0,0,0,0,0,210
S.McGrath,TE,LAC,0,0,10,0,0,0,0,0,0,0,0,0,0,0.0,0,0,0,0,0,0,320
D.King,DEF,LAC,0,0,0,0,0,0,0,0,0,0,0,0,0,0.0,0,0,0,0,0,0,439
T.Palepoi,DE,LAC,0,0,0,0,0,0,0,0,0,0,0,0,0,0.0,0,0,0,0,0,0,439
N.Harris,DEF,LAC,0,0,0,0,0,0,0,0,0,0,0,0,0,0.0,0,0,0,0,0,0,439
C.Liuget,DE,LAC,0,0,0,0,0,0,0,0,0,0,0,0,1,0.5,0,0,0,0,0,0,50
J.Landry,WR,MIA,0,-7,126,0,0,0,0,0,0,0,0,0,0,0.0,0,0,0,0,0,0,180
J.Cutler,QB,MIA,450,8,0,2,0,0,0,0,0,0,0,0,0,0.0,0,0,0,0,0,0,72
K.Drake,RB,MIA,0,-3,2,0,0,0,0,0,0,0,0,0,0,0.0,0,0,0,0,0,0,389
J.Ajayi,RB,MIA,0,138,13,0,0,0,0,0,0,0,0,0,0,0.0,0,0,0,0,0,0,148
K.Stills,WR,MIA,0,0,88,0,0,1,0,0,0,0,0,0,0,0.0,0,0,0,0,0,0,148
D.Parker,WR,MIA,0,0,161,0,0,1,0,0,0,0,0,0,0,0.0,0,0,0,0,0,0,101
J.Thomas,TE,MIA,0,0,42,0,0,0,0,0,0,0,0,0,0,0.0,0,0,0,0,0,0,255
C.Parkey,K,MIA,0,0,0,0,0,0,4,0,1,0,0,0,0,0.0,0,0,0,0,0,0,28
M.Haack,QB,MIA,0,0,0,0,0,0,0,0,0,0,0,0,0,0.0,0,0,0,0,0,0,357
J.Grant,WR,MIA,0,0,12,0,0,0,0,0,0,0,0,0,0,0.0,0,0,0,0,0,0,320
C.Allen,DEF,MIA,0,0,0,0,0,0,0,0,0,0,0,0,0,0.0,0,0,0,0,0,0,439
K.Alonso,LB,MIA,0,0,0,0,0,0,0,0,0,0,0,0,0,0.0,0,0,0,0,0,0,439
X.Howard,CB,MIA,0,0,0,0,0,0,0,0,0,0,0,0,0,0.0,0,0,0,0,0,0,439
A.Branch,DE,MIA,0,0,0,0,0,0,0,0,0,0,0,0,0,1.0,0,0,0,0,0,0,204
M.Hull,LB,MIA,0,0,0,0,0,0,0,0,0,0,0,0,0,0.0,0,0,0,0,0,0,439
W.Hayes,DE,MIA,0,0,0,0,0,0,0,0,0,0,0,0,0,1.0,0,0,0,0,0,0,204
C.Harris,DEF,MIA,0,0,0,0,0,0,0,0,0,0,0,0,0,0.0,0,0,0,0,0,0,439
N.Allen,SS,MIA,0,0,0,0,0,0,0,0,0,0,0,0,0,0.0,0,0,0,0,0,0,439
B.McCain,CB,MIA,0,0,0,0,0,0,0,0,0,0,0,0,0,0.0,0,0,0,0,0,0,439
V.Taylor,DEF,MIA,0,0,0,0,0,0,0,0,0,0,0,0,0,0.0,0,0,0,0,0,0,439
R.Jones,SS,MIA,0,0,0,0,0,0,0,0,0,0,0,0,0,0.0,0,0,0,0,0,0,439
C.Wake,DE,MIA,0,0,0,0,0,0,0,0,0,0,0,0,0,1.0,0,0,0,0,0,0,204
D.Godchaux,DEF,MIA,0,0,0,0,0,0,0,0,0,0,0,0,0,0.0,0,0,0,0,0,0,439
N.Suh,DT,MIA,0,0,0,0,0,0,0,0,0,0,0,0,1,0.0,0,0,0,0,0,0,114
B.Maxwell,DB,MIA,0,0,0,0,0,0,0,0,0,0,0,0,1,0.0,0,0,0,0,0,0,114
J.Phillips,DT,MIA,0,0,0,0,0,0,0,0,0,0,0,0,0,0.0,0,0,0,0,0,0,439
L.Smith,TE,OAK,0,0,9,0,0,0,0,0,0,0,0,0,0,0.0,0,0,0,0,0,0,357
C.Walford,TE,OAK,0,0,6,0,0,0,0,0,0,0,0,0,0,0.0,0,0,0,0,0,0,357
J.Holton,WR,OAK,0,0,0,0,0,0,0,0,0,0,0,0,0,0.0,0,0,0,0,0,0,357
T.Hester,DEF,OAK,0,0,0,0,0,0,0,0,0,0,0,0,0,0.0,0,0,0,0,0,0,439
G.Conley,DEF,OAK,0,0,0,0,0,0,0,0,0,0,0,0,0,0.0,0,0,0,0,0,0,439
J.Cowser,DE,OAK,0,0,0,0,0,0,0,0,0,0,0,0,0,0.0,0,0,0,0,0,0,439
E.McGuire,RB,NYJ,0,63,7,0,0,0,0,0,0,0,1,0,0,0.0,0,0,0,0,0,0,255
J.Kerley,WR,NYJ,0,0,56,0,0,0,0,0,0,0,0,0,0,0.0,0,0,0,0,0,0,245
N.Sterling,TE,NYJ,0,0,8,0,0,0,0,0,0,0,0,0,0,0.0,0,0,0,0,0,0,357
C.Peake,WR,NYJ,0,0,3,0,0,0,0,0,0,0,0,0,0,0.0,0,0,0,0,0,0,357
D.Roberts,CB,NYJ,0,0,0,0,0,0,0,0,0,0,0,0,0,0.0,0,0,0,0,0,0,439
K.Edebali,LB,DEN,0,0,0,0,0,0,0,0,0,0,0,0,0,0.0,0,0,0,0,0,0,439
R.Smith,RB,DAL,0,8,0,0,0,0,0,0,0,0,0,0,0,0.0,0,0,0,0,0,0,357
J.Lewis,DEF,DAL,0,0,0,0,0,0,0,0,0,0,0,1,0,0.0,0,0,0,0,0,0,114
B.Price,DEF,DAL,0,0,0,0,0,0,0,0,0,0,0,0,0,0.0,0,0,0,0,0,0,439
B.Mayowa,DE,DAL,0,0,0,0,0,0,0,0,0,0,0,0,0,0.0,0,0,0,0,0,0,439
K.Wilber,OLB,DAL,0,0,0,0,0,0,0,0,0,0,0,0,0,0.0,0,0,0,0,0,0,439
T.Charlton,DEF,DAL,0,0,0,0,0,0,0,0,0,0,0,0,0,0.0,0,0,0,0,0,0,439
J.Reynolds,WR,LA,0,0,28,0,0,0,0,0,0,0,0,0,0,0.0,0,0,0,0,0,0,297
A.Donald,DT,LA,0,0,0,0,0,0,0,0,0,0,0,0,0,1.0,0,0,0,0,0,0,204
Co.Davis,DB,LA,0,0,0,0,0,0,0,0,0,0,0,0,0,0.0,0,0,0,0,0,0,439
S.Perine,RB,WAS,0,116,6,0,0,0,0,0,0,0,1,0,0,0.0,0,0,0,0,0,0,201
V.Davis,TE,WAS,0,0,71,0,0,1,0,0,0,0,0,0,0,0.0,0,0,0,0,0,0,159
M.Nicholson,DEF,WAS,0,0,0,0,0,0,0,0,0,0,0,1,0,0.0,0,0,0,0,0,0,114
J.Galette,LB,WAS,0,0,0,0,0,0,0,0,0,0,0,0,0,0.5,0,0,0,0,0,0,204
T.Rawls,RB,SEA,0,4,0,0,0,0,0,0,0,0,0,0,0,0.0,0,0,0,0,0,0,357
A.Darboh,WR,SEA,0,0,16,0,0,0,0,0,0,0,0,0,0,0.0,0,0,0,0,0,0,320
L.Willson,TE,SEA,0,0,78,0,0,1,0,0,0,0,0,0,0,0.0,0,0,0,0,0,0,159
M.Wilhoite,ILB,SEA,0,0,0,0,0,0,0,0,0,0,0,0,0,0.0,0,0,0,0,0,0,439
G.Celek,TE,SF,0,0,7,0,0,1,0,0,0,0,0,0,0,0.0,0,0,0,0,0,0,233
V.Bolden,WR,SF,0,0,0,0,0,0,0,0,0,0,0,0,0,0.0,0,0,0,0,0,0,357
J.Ward,SS,SF,0,0,0,0,0,0,0,0,0,0,0,0,0,0.0,0,0,0,0,0,0,439
A.Lynch,OLB,SF,0,0,0,0,0,0,0,0,0,0,0,0,0,1.0,0,0,0,0,0,0,204
J.Hardy,WR,ATL,0,0,19,0,0,0,0,0,0,0,0,0,0,0.0,0,0,0,0,0,0,320
D.Shelby,DE,ATL,0,0,0,0,0,0,0,0,0,0,0,0,0,0.0,0,0,0,0,0,0,439
D.Poe,NT,ATL,0,0,0,0,0,0,0,0,0,0,0,0,0,0.0,0,0,0,0,0,0,439
J.Crawford,DE,ATL,0,0,0,0,0,0,0,0,0,0,0,0,0,0.0,0,0,0,0,0,0,439
A.Ripkowski,FB,GB,0,0,2,0,0,0,0,0,0,0,0,0,0,0.0,0,0,0,0,0,0,357
R.Rodgers,TE,GB,0,0,22,0,0,0,0,0,0,0,0,0,0,0.0,0,0,0,0,0,0,297
G.Allison,WR,GB,0,0,146,0,0,0,0,0,0,0,0,0,0,0.0,0,0,0,0,0,0,148
D.Lowry,DE,GB,0,0,0,0,0,0,0,0,0,0,0,0,0,0.0,0,0,0,0,0,0,439
J.Thomas,LB,GB,0,0,0,0,0,0,0,0,0,0,0,0,0,0.5,0,0,0,0,0,0,204
Q.Dial,DE,GB,0,0,0,0,0,0,0,0,0,0,0,0,0,0.0,0,0,0,0,0,0,439
K.King,DEF,GB,0,0,0,0,0,0,0,0,0,0,0,0,0,0.0,0,0,0,0,0,0,439
J.Jones,DEF,GB,0,0,0,0,0,0,0,0,0,0,0,0,0,2.0,0,0,0,0,0,0,114
O.Beckham,WR,NYG,0,0,115,0,0,2,0,0,0,0,0,0,0,0.0,0,0,0,0,0,0,93
J.Adams,TE,NYG,0,0,38,0,0,0,0,0,0,0,0,0,0,0.0,0,0,0,0,0,0,273
R.Cockrell,DB,NYG,0,0,0,0,0,0,0,0,0,0,0,0,0,0.0,0,0,0,0,0,0,439
C.Munson,DEF,NYG,0,0,0,0,0,0,0,0,0,0,0,0,0,1.0,0,0,0,0,0,0,204
D.Fells,TE,DET,0,0,11,0,0,0,0,0,0,0,0,0,0,0.0,0,0,0,0,0,0,320
P.Worrilow,MLB,DET,0,0,0,0,0,0,0,0,0,0,0,0,0,0.0,0,0,0,0,0,0,439
H.Ngata,DT,DET,0,0,0,0,0,0,0,0,0,0,0,0,0,1.0,0,0,0,0,0,0,204
J.Reeves-Maybin,DEF,DET,0,0,0,0,0,0,0,0,0,0,0,0,0,0.0,0,0,0,0,0,0,439
R.Mostert,RB,SF,0,11,0,0,0,0,0,0,0,0,1,0,0,0.0,0,0,0,0,0,0,389
B.Coyle,MLB,SF,0,0,0,0,0,0,0,0,0,0,0,0,0,0.0,0,0,0,0,0,0,439
T.Hill,CB,LA,0,0,0,0,0,0,0,0,0,0,0,0,0,0.0,0,0,0,0,0,0,439
C.Henne,QB,JAX,0,-3,0,0,0,0,0,0,0,0,0,0,0,0.0,0,0,0,0,0,0,389
M.Lewis,TE,JAX,0,0,62,0,0,3,0,0,0,0,0,0,0,0.0,0,0,0,0,0,0,86
T.Patmon,DB,JAX,0,0,0,0,0,0,0,0,0,0,0,0,0,0.0,0,0,0,0,0,0,439
P.Thompson,DB,JAX,0,0,0,0,0,0,0,0,0,0,0,0,0,0.0,0,0,0,0,0,0,439
B.Brown,DEF,JAX,0,0,0,0,0,0,0,0,0,0,0,0,0,0.0,0,0,0,0,0,0,439
R.Mallett,QB,BAL,36,0,0,1,0,0,0,0,0,0,0,0,0,0.0,0,0,0,0,0,0,245
C.Matthews,WR,BAL,0,0,8,0,0,0,0,0,0,0,0,0,0,0.0,0,0,0,0,0,0,357
W.Henry,DT,BAL,0,0,0,0,0,0,0,0,0,0,0,0,0,0.0,0,0,0,0,0,0,439
C.Clark,DEF,BAL,0,0,0,0,0,0,0,0,0,0,0,0,0,0.0,0,0,0,0,0,0,439
D.Lacey,LB,BUF,0,0,0,0,0,0,0,0,0,0,0,0,0,0.0,0,0,0,0,0,0,439
D.Henderson,RB,DEN,0,1,0,0,0,0,0,0,0,0,0,0,0,0.0,0,0,0,0,0,0,357
A.Janovich,FB,DEN,0,2,0,0,0,0,0,0,0,0,0,0,0,0.0,0,0,0,0,0,0,357
Z.Kerr,DE,DEN,0,0,0,0,0,0,0,0,0,0,0,0,0,0.0,0,0,0,0,0,0,439
D.Anderson,QB,CAR,17,0,0,0,0,0,0,0,0,0,0,0,0,0.0,0,0,0,0,0,0,357
D.Byrd,WR,CAR,0,0,0,0,0,0,0,0,0,0,0,0,0,0.0,0,0,0,0,0,0,357
D.Mayo,LB,CAR,0,0,0,0,0,0,0,0,0,0,0,0,0,0.0,0,0,0,0,0,0,439
D.Parry,NT,NO,0,0,0,0,0,0,0,0,0,0,0,0,0,0.0,0,0,0,0,0,0,439
K.Crawley,CB,NO,0,0,0,0,0,0,0,0,0,0,0,0,0,0.0,0,0,0,0,0,0,439
A.Shaheen,WR,CHI,0,0,2,0,0,1,0,0,0,0,0,0,0,0.0,0,0,0,0,0,0,233
S.McManis,CB,CHI,0,0,0,0,0,0,0,0,0,0,0,0,0,0.0,0,0,0,0,0,0,439
J.Timu,LB,CHI,0,0,0,0,0,0,0,0,0,0,0,0,0,0.0,0,0,0,0,0,0,439
P.Amukamara,DB,CHI,0,0,0,0,0,0,0,0,0,0,0,0,0,0.0,0,0,0,0,0,0,439
D.McCullers,NT,PIT,0,0,0,0,0,0,0,0,0,0,0,0,0,0.0,0,0,0,0,0,0,439
Z.Zenner,FB,DET,0,5,0,0,0,0,0,0,0,0,0,0,0,0.0,0,0,0,0,0,0,357
C. Washington,DEF,DET,0,0,0,0,0,0,0,0,0,0,0,0,0,0.0,0,0,0,0,0,0,439
N.Bellore,LB,DET,0,0,0,0,0,0,0,0,0,0,0,0,0,0.0,0,0,0,0,0,0,439
J.Vellano,DT,ATL,0,0,0,0,0,0,0,0,0,0,0,0,0,0.0,0,0,0,0,0,0,439
G.Jarrett,DT,ATL,0,0,0,0,0,0,0,0,0,0,0,0,0,0.0,0,0,0,0,0,0,439
M.Jones,RB,IND,0,3,0,0,0,0,0,0,0,0,0,0,0,0.0,0,0,0,0,0,0,357
D.Daniels,WR,IND,0,0,6,0,0,0,0,0,0,0,0,0,0,0.0,0,0,0,0,0,0,357
T.Basham,DEF,IND,0,0,0,0,0,0,0,0,0,0,0,0,0,0.0,0,0,0,0,0,0,439
P.Desir,DB,IND,0,0,0,0,0,0,0,0,0,0,0,0,0,0.0,0,0,0,0,0,0,439
J.Leslie,WR,CLE,0,0,26,0,0,0,0,0,0,0,0,0,0,0.0,0,0,0,0,0,0,297
K.Williams,DB,CLE,0,0,10,0,0,0,0,0,0,0,0,0,0,0.0,0,0,0,0,0,0,204
I.Campbell,DB,CLE,0,0,0,0,0,0,0,0,0,0,0,0,0,0.0,0,0,0,0,0,0,439
J.Kearse,SAF,MIN,0,0,0,0,0,0,0,0,0,0,0,0,0,0.0,0,0,0,0,0,0,439
C.Godwin,WR,TB,0,0,44,0,0,0,0,0,0,0,0,0,0,0.0,0,0,0,0,0,0,255
W.Clarke,DE,TB,0,0,0,0,0,0,0,0,0,0,0,0,0,0.0,0,0,0,0,0,0,439
S.Siliga,DT,TB,0,0,0,0,0,0,0,0,0,0,0,0,0,0.0,0,0,0,0,0,0,439
R.Ayers Jr.,DE,TB,0,0,0,0,0,0,0,0,0,0,0,0,0,0.0,0,0,0,0,0,0,439
M.Flowers,OLB,NE,0,0,0,0,0,0,0,0,0,0,0,0,0,0.0,0,0,0,0,0,0,439
B.Ellington,WR,HOU,0,-1,59,0,0,1,0,0,0,0,0,0,0,0.0,0,0,0,0,0,0,191
R.Griffin,TE,HOU,0,0,61,0,0,1,0,0,0,0,0,0,0,0.0,0,0,0,0,0,0,169
J.Todman,RB,HOU,0,0,0,0,0,0,0,0,0,0,0,0,0,0.0,0,0,0,0,0,0,357
J.Banks,CB,HOU,0,0,0,0,0,0,0,0,0,0,0,0,0,0.0,0,0,0,0,0,0,439
A.Seferian-Jenkins,TE,NYJ,0,0,31,0,0,0,0,0,0,0,0,0,0,0.0,0,0,0,0,0,0,273
L.Thomas,DT,NYJ,0,0,15,0,0,0,0,0,0,0,0,0,0,0.0,0,0,0,0,0,0,204
D.Williams,RB,MIA,0,5,6,0,0,0,0,0,0,0,0,0,0,0.0,0,0,0,0,0,0,357
M.Thomas,FS,MIA,0,0,0,0,0,0,0,0,0,0,0,0,0,0.0,0,0,0,0,0,0,439
C.Clement,RB,PHI,0,22,0,0,1,0,0,0,0,0,0,0,0,0.0,0,0,0,0,0,0,210
C.Maragos,FS,PHI,0,0,0,0,0,0,0,0,0,0,0,0,0,0.0,0,0,0,0,0,0,439
J.Walker,ILB,PHI,0,0,0,0,0,0,0,0,0,0,0,0,0,0.0,0,0,0,0,0,0,439
K.Robinson,LB,NYG,0,0,0,0,0,0,0,0,0,0,0,0,0,0.0,0,0,0,0,0,0,439
P.Supernaw,TE,TEN,0,0,3,0,0,0,0,0,0,0,0,0,0,0.0,0,0,0,0,0,0,357
D.King,DE,TEN,0,0,0,0,0,0,0,0,0,0,0,0,0,0.0,0,0,0,0,0,0,439
K.Dodd,LB,TEN,0,0,0,0,0,0,0,0,0,0,0,0,0,0.0,0,0,0,0,0,0,439
G.Smith,DT,SEA,0,0,0,0,0,0,0,0,0,0,0,0,0,0.0,0,0,0,0,0,0,439
B.McDougald,FS,SEA,0,0,0,0,0,0,0,0,0,0,0,0,0,0.0,0,0,0,0,0,0,439
C.Odom,DEF,GB,0,0,0,0,0,0,0,0,0,0,0,0,0,0.0,0,0,0,0,0,0,439
M.Evans,DB,GB,0,0,0,0,0,0,0,0,0,0,0,0,0,0.0,0,0,0,0,0,0,439
C.Lawson,DEF,CIN,0,0,0,0,0,0,0,0,0,0,0,0,0,2.5,0,0,0,0,0,0,50
D.Inman,WR,LAC,0,0,2,0,0,0,0,0,0,0,0,0,0,0.0,0,0,0,0,0,0,357
D.Robinson,WR,KC,0,0,9,0,0,0,0,0,0,0,0,0,0,0.0,0,0,0,0,0,0,357
K.Pierre-Louis,OLB,KC,0,0,0,0,0,0,0,0,0,0,0,0,0,0.0,0,0,0,0,0,0,439
M.Brown,RB,WAS,0,27,0,0,0,0,0,0,0,0,0,0,0,0.0,0,0,0,0,0,0,297
J.Doctson,WR,WAS,0,0,52,0,0,1,0,0,0,0,0,0,0,0.0,0,0,0,0,0,0,180
N.Paul,TE,WAS,0,0,-3,0,0,0,0,0,0,0,0,0,0,0.0,0,0,0,0,0,0,389
M.Spaight,OLB,WAS,0,0,0,0,0,0,0,0,0,0,0,0,0,0.0,0,0,0,0,0,0,439
W.Compton,ILB,WAS,0,0,0,0,0,0,0,0,0,0,0,0,0,0.0,0,0,0,0,0,0,439
Q.Dunbar,CB,WAS,0,0,0,0,0,0,0,0,0,0,0,0,0,0.0,0,0,0,0,0,0,439
R.Anderson,DEF,WAS,0,0,0,0,0,0,0,0,0,0,0,0,0,0.0,0,0,0,0,0,0,439
F.Moreau,DEF,WAS,0,0,0,0,0,0,0,0,0,0,0,0,0,0.0,0,0,0,0,0,0,439
R.Nkemdiche,DT,ARI,0,0,0,0,0,0,0,0,0,0,0,0,0,0.0,0,0,0,0,0,0,439
N.Brown,WR,DAL,0,0,13,0,0,0,0,0,0,0,0,0,0,0.0,0,0,0,0,0,0,320
X.Woods,DEF,DAL,0,0,0,0,0,0,0,0,0,0,0,0,0,0.0,0,0,0,0,0,0,439
D.Moore,WR,DAL,0,0,0,0,0,0,0,0,0,0,0,0,0,0.0,0,0,0,0,0,0,357
